Dataset type,RNA dataset num.,Prot. count dataset num.,Cell,Gene,Log2 TPM,Log10 Prot. count
Immune,1.0,,MO.nonclassical,IL1R1_HUMAN,0.4686068218877373,
Immune,1.0,,Basophil,IL1R1_HUMAN,2.6875755576808498,
Immune,1.0,1.0,T4.CM,IL1R1_HUMAN,1.7927194161845823,3.7220989503465134
Immune,1.0,1.0,T4.EM,IL1R1_HUMAN,0.8419407753992947,3.4523998459114416
Immune,1.0,1.0,T4.naive,IL1R1_HUMAN,0.5023022711556384,3.250236974498963
Immune,1.0,,Eosinophil,IL1R1_HUMAN,0.0986152978254597,
Immune,1.0,1.0,T8.CM,IL1R1_HUMAN,0.4004713284468295,3.363846924167229
Immune,1.0,1.0,T8.EM,IL1R1_HUMAN,0.2814764215206246,3.089021500795006
Immune,1.0,1.0,T8.naive,IL1R1_HUMAN,0.0131984491955996,3.587991426431244
Immune,1.0,,T8.EMRA,IL1R1_HUMAN,0.1942182063394021,
Immune,1.0,,B.naive,IL1R1_HUMAN,0.093668637658427,
Immune,1.0,,MO.classical,IL1R1_HUMAN,2.3716053890958384,
Immune,1.0,,Neutrophil,IL1R1_HUMAN,5.347441882188663,
Immune,1.0,,mDC,IL1R1_HUMAN,2.7670784192009354,
Immune,1.0,,NK.Immature,IL1R1_HUMAN,2.842088582610262,
Immune,1.0,,B.Unswitched_Memory,IL1R1_HUMAN,0.0640888811055748,
Immune,1.0,,B.Switched_Memory,IL1R1_HUMAN,0.0558394928851125,
Immune,,1.0,Th1,IL1R1_HUMAN,,3.273840097458562
Immune,,1.0,Th17,IL1R1_HUMAN,,3.5747544893468146
Immune,,1.0,Th2,IL1R1_HUMAN,,3.333598394772672
Cancer,2.0,,ACH-000364,IL1R1_HUMAN,1.7570232465074596,
Cancer,2.0,,ACH-001086,IL1R1_HUMAN,1.4646682670034443,
Cancer,2.0,,ACH-000232,IL1R1_HUMAN,2.007195501404204,
Cancer,2.0,,ACH-001328,IL1R1_HUMAN,1.967168607532628,
Cancer,2.0,,ACH-001113,IL1R1_HUMAN,5.150153455246247,
Cancer,2.0,,ACH-001289,IL1R1_HUMAN,1.2750070474998698,
Cancer,2.0,,ACH-001339,IL1R1_HUMAN,1.565597175854225,
Cancer,2.0,,ACH-001538,IL1R1_HUMAN,0.6229303509201767,
Cancer,2.0,,ACH-000242,IL1R1_HUMAN,3.063502942306158,
Cancer,2.0,,ACH-000708,IL1R1_HUMAN,0.0285691521967709,
Cancer,2.0,,ACH-000327,IL1R1_HUMAN,1.790772037862,
Cancer,2.0,,ACH-000233,IL1R1_HUMAN,6.624247145836196,
Cancer,2.0,,ACH-000461,IL1R1_HUMAN,1.726831217032493,
Cancer,2.0,,ACH-000705,IL1R1_HUMAN,0.5558161550616396,
Cancer,2.0,,ACH-001794,IL1R1_HUMAN,5.067380578019059,
Cancer,2.0,,ACH-002023,IL1R1_HUMAN,1.263034405833794,
Cancer,2.0,,ACH-000528,IL1R1_HUMAN,1.8237493603082728,
Cancer,2.0,,ACH-001655,IL1R1_HUMAN,4.043519493662743,
Cancer,2.0,,ACH-000167,IL1R1_HUMAN,0.2630344058337938,
Cancer,2.0,,ACH-000792,IL1R1_HUMAN,2.6848187375532224,
Cancer,2.0,,ACH-001098,IL1R1_HUMAN,3.702657543390911,
Cancer,2.0,,ACH-000570,IL1R1_HUMAN,1.599317793698226,
Cancer,2.0,,ACH-000351,IL1R1_HUMAN,2.3103401206121505,
Cancer,2.0,,ACH-000769,IL1R1_HUMAN,0.2016338611696504,
Cancer,2.0,,ACH-000154,IL1R1_HUMAN,4.797531839571962,
Cancer,2.0,,ACH-000828,IL1R1_HUMAN,6.041330606820623,
Cancer,2.0,,ACH-000421,IL1R1_HUMAN,1.956056652412403,
Cancer,2.0,,ACH-000765,IL1R1_HUMAN,0.8875252707415875,
Cancer,2.0,,ACH-001375,IL1R1_HUMAN,2.3673710656485296,
Cancer,2.0,,ACH-000008,IL1R1_HUMAN,3.187451054027326,
Cancer,2.0,,ACH-001814,IL1R1_HUMAN,5.318678373736547,
Cancer,2.0,,ACH-000800,IL1R1_HUMAN,0.070389327891398,
Cancer,2.0,,ACH-000606,IL1R1_HUMAN,2.782408564927373,
Cancer,2.0,,ACH-000317,IL1R1_HUMAN,3.673556423990145,
Cancer,2.0,,ACH-000123,IL1R1_HUMAN,0.0565835283663675,
Cancer,2.0,,ACH-000723,IL1R1_HUMAN,0.4436066514756146,
Cancer,2.0,,ACH-002066,IL1R1_HUMAN,2.1984941536390834,
Cancer,2.0,,ACH-001536,IL1R1_HUMAN,3.4892860226258766,
Cancer,2.0,,ACH-000313,IL1R1_HUMAN,4.197708157955851,
Cancer,2.0,,ACH-002019,IL1R1_HUMAN,0.5260688116675876,
Cancer,2.0,,ACH-000728,IL1R1_HUMAN,0.2868811477881615,
Cancer,2.0,,ACH-000700,IL1R1_HUMAN,2.8875252707415875,
Cancer,2.0,,ACH-000823,IL1R1_HUMAN,0.3448284969974411,
Cancer,2.0,,ACH-000678,IL1R1_HUMAN,0.6135316529179271,
Cancer,2.0,,ACH-000006,IL1R1_HUMAN,0.6415460290875237,
Cancer,2.0,,ACH-002029,IL1R1_HUMAN,0.2016338611696504,
Cancer,2.0,,ACH-001377,IL1R1_HUMAN,0.4956951626240688,
Cancer,2.0,,ACH-000754,IL1R1_HUMAN,0.3219280948873623,
Cancer,2.0,,ACH-000465,IL1R1_HUMAN,0.6415460290875237,
Cancer,2.0,,ACH-000138,IL1R1_HUMAN,3.570462931026041,
Cancer,2.0,,ACH-001864,IL1R1_HUMAN,5.4409521980296365,
Cancer,2.0,,ACH-000383,IL1R1_HUMAN,1.454175893185802,
Cancer,2.0,,ACH-001547,IL1R1_HUMAN,1.565597175854225,
Cancer,2.0,,ACH-000917,IL1R1_HUMAN,3.1127001327493624,
Cancer,2.0,,ACH-000984,IL1R1_HUMAN,0.0840642647884745,
Cancer,2.0,,ACH-001409,IL1R1_HUMAN,0.4436066514756146,
Cancer,2.0,,ACH-001707,IL1R1_HUMAN,1.0285691521967708,
Cancer,2.0,,ACH-000117,IL1R1_HUMAN,2.049630767724601,
Cancer,2.0,,ACH-000999,IL1R1_HUMAN,0.7398481026993274,
Cancer,2.0,,ACH-000633,IL1R1_HUMAN,0.5558161550616396,
Cancer,2.0,,ACH-000520,IL1R1_HUMAN,3.040892430646901,
Cancer,2.0,,ACH-000176,IL1R1_HUMAN,3.986410935252045,
Cancer,2.0,,ACH-000017,IL1R1_HUMAN,2.321928094887362,
Cancer,2.0,,ACH-000020,IL1R1_HUMAN,0.0840642647884745,
Cancer,2.0,,ACH-001385,IL1R1_HUMAN,1.1953475983222193,
Cancer,2.0,,ACH-000587,IL1R1_HUMAN,3.663344619366085,
Cancer,2.0,,ACH-000785,IL1R1_HUMAN,3.680324356844016,
Cancer,2.0,,ACH-000554,IL1R1_HUMAN,1.5310694927259538,
Cancer,2.0,,ACH-001398,IL1R1_HUMAN,4.044394119358453,
Cancer,2.0,,ACH-001991,IL1R1_HUMAN,0.4956951626240688,
Cancer,2.0,,ACH-001332,IL1R1_HUMAN,0.2750070474998698,
Cancer,2.0,,ACH-000585,IL1R1_HUMAN,3.786596361890807,
Cancer,2.0,,ACH-000550,IL1R1_HUMAN,2.62760683812965,
Cancer,2.0,,ACH-000627,IL1R1_HUMAN,2.765534746362977,
Cancer,2.0,,ACH-000704,IL1R1_HUMAN,2.2957230245399685,
Cancer,2.0,,ACH-000276,IL1R1_HUMAN,3.956056652412403,
Cancer,2.0,,ACH-000075,IL1R1_HUMAN,3.815575428862573,
Cancer,2.0,,ACH-000818,IL1R1_HUMAN,6.034303767768035,
Cancer,2.0,,ACH-001616,IL1R1_HUMAN,0.0,
Cancer,2.0,,ACH-000625,IL1R1_HUMAN,2.794935662803536,
Cancer,2.0,,ACH-000941,IL1R1_HUMAN,2.333423733725192,
Cancer,2.0,,ACH-000392,IL1R1_HUMAN,1.6415460290875237,
Cancer,2.0,,ACH-000269,IL1R1_HUMAN,0.765534746362977,
Cancer,2.0,,ACH-001670,IL1R1_HUMAN,0.01435529297707,
Cancer,2.0,,ACH-000856,IL1R1_HUMAN,4.217230716220669,
Cancer,2.0,,ACH-002687,IL1R1_HUMAN,0.070389327891398,
Cancer,2.0,,ACH-001119,IL1R1_HUMAN,6.307428525192248,
Cancer,2.0,,ACH-000376,IL1R1_HUMAN,3.3103401206121505,
Cancer,2.0,,ACH-000685,IL1R1_HUMAN,5.649040565634448,
Cancer,2.0,,ACH-000729,IL1R1_HUMAN,0.0285691521967709,
Cancer,2.0,,ACH-001034,IL1R1_HUMAN,0.01435529297707,
Cancer,2.0,,ACH-001283,IL1R1_HUMAN,0.2141248053528473,
Cancer,2.0,,ACH-000880,IL1R1_HUMAN,1.3161457422933562,
Cancer,2.0,,ACH-000035,IL1R1_HUMAN,3.963474123974886,
Cancer,2.0,,ACH-001200,IL1R1_HUMAN,0.1763227726404629,
Cancer,2.0,,ACH-000194,IL1R1_HUMAN,4.680324356844016,
Cancer,2.0,,ACH-000322,IL1R1_HUMAN,1.761285273361619,
Cancer,2.0,,ACH-000552,IL1R1_HUMAN,0.3448284969974411,
Cancer,2.0,,ACH-002508,IL1R1_HUMAN,2.111031312388744,
Cancer,2.0,,ACH-000222,IL1R1_HUMAN,1.956056652412403,
Cancer,2.0,,ACH-000260,IL1R1_HUMAN,4.537917249034082,
Cancer,2.0,,ACH-001652,IL1R1_HUMAN,0.918386234446348,
Cancer,2.0,,ACH-000608,IL1R1_HUMAN,1.070389327891398,
Cancer,2.0,,ACH-000501,IL1R1_HUMAN,0.411426245726465,
Cancer,2.0,,ACH-000612,IL1R1_HUMAN,0.1634987322828795,
Cancer,2.0,,ACH-001184,IL1R1_HUMAN,0.0,
Cancer,2.0,,ACH-001688,IL1R1_HUMAN,1.8559896973084808,
Cancer,2.0,,ACH-001838,IL1R1_HUMAN,3.0,
Cancer,2.0,,ACH-000638,IL1R1_HUMAN,5.144454313926194,
Cancer,2.0,,ACH-001846,IL1R1_HUMAN,2.27500704749987,
Cancer,2.0,,ACH-000798,IL1R1_HUMAN,0.9411063109464316,
Cancer,2.0,,ACH-001321,IL1R1_HUMAN,3.496973580998276,
Cancer,2.0,,ACH-000894,IL1R1_HUMAN,1.6599245584023783,
Cancer,2.0,,ACH-001559,IL1R1_HUMAN,2.572889668420581,
Cancer,2.0,,ACH-000344,IL1R1_HUMAN,5.812241495189477,
Cancer,2.0,,ACH-000223,IL1R1_HUMAN,1.599317793698226,
Cancer,2.0,,ACH-000031,IL1R1_HUMAN,3.4905701304462013,
Cancer,2.0,,ACH-000034,IL1R1_HUMAN,0.1110313123887439,
Cancer,2.0,,ACH-001861,IL1R1_HUMAN,2.879705766282288,
Cancer,2.0,,ACH-000772,IL1R1_HUMAN,0.2509615735332188,
Cancer,2.0,,ACH-000946,IL1R1_HUMAN,1.144046369616707,
Cancer,2.0,,ACH-000596,IL1R1_HUMAN,2.849999259466098,
Cancer,2.0,,ACH-000632,IL1R1_HUMAN,2.144046369616707,
Cancer,2.0,,ACH-000978,IL1R1_HUMAN,1.4646682670034443,
Cancer,2.0,,ACH-000332,IL1R1_HUMAN,2.140778655782796,
Cancer,2.0,,ACH-001841,IL1R1_HUMAN,2.321928094887362,
Cancer,2.0,,ACH-000179,IL1R1_HUMAN,0.0285691521967709,
Cancer,2.0,,ACH-000887,IL1R1_HUMAN,2.6507645591169022,
Cancer,2.0,,ACH-000368,IL1R1_HUMAN,3.784503982929567,
Cancer,2.0,,ACH-000240,IL1R1_HUMAN,5.894817763307944,
Cancer,2.0,,ACH-000578,IL1R1_HUMAN,2.726831217032493,
Cancer,2.0,,ACH-001611,IL1R1_HUMAN,3.0874628412503395,
Cancer,2.0,,ACH-000135,IL1R1_HUMAN,4.574101508089389,
Cancer,2.0,,ACH-000406,IL1R1_HUMAN,0.0976107966264223,
Cancer,2.0,,ACH-001541,IL1R1_HUMAN,0.0426443374084937,
Cancer,2.0,,ACH-000998,IL1R1_HUMAN,0.4436066514756146,
Cancer,2.0,,ACH-000441,IL1R1_HUMAN,0.0565835283663675,
Cancer,2.0,,ACH-000960,IL1R1_HUMAN,0.7990873060740036,
Cancer,2.0,,ACH-000098,IL1R1_HUMAN,3.9717734471933728,
Cancer,2.0,,ACH-001651,IL1R1_HUMAN,2.805292455600712,
Cancer,2.0,,ACH-001456,IL1R1_HUMAN,0.8953026213333066,
Cancer,2.0,,ACH-001336,IL1R1_HUMAN,2.885574364371426,
Cancer,2.0,,ACH-000284,IL1R1_HUMAN,4.8283269264148165,
Cancer,2.0,,ACH-000971,IL1R1_HUMAN,2.39231742277876,
Cancer,2.0,,ACH-001454,IL1R1_HUMAN,6.399342019125501,
Cancer,2.0,,ACH-000926,IL1R1_HUMAN,0.411426245726465,
Cancer,2.0,,ACH-000033,IL1R1_HUMAN,1.3895668117627256,
Cancer,2.0,,ACH-000576,IL1R1_HUMAN,0.0565835283663675,
Cancer,2.0,,ACH-000019,IL1R1_HUMAN,0.5459683691052926,
Cancer,2.0,,ACH-001577,IL1R1_HUMAN,0.2016338611696504,
Cancer,2.0,,ACH-000330,IL1R1_HUMAN,1.0285691521967708,
Cancer,2.0,,ACH-000848,IL1R1_HUMAN,3.039138393906958,
Cancer,2.0,,ACH-000481,IL1R1_HUMAN,0.1243281350022017,
Cancer,2.0,,ACH-001517,IL1R1_HUMAN,1.2570106182060237,
Cancer,2.0,,ACH-000338,IL1R1_HUMAN,6.063287212206184,
Cancer,2.0,,ACH-001959,IL1R1_HUMAN,0.0,
Cancer,2.0,,ACH-001414,IL1R1_HUMAN,1.0214797274104517,
Cancer,2.0,,ACH-000871,IL1R1_HUMAN,0.4222330006830478,
Cancer,2.0,,ACH-001403,IL1R1_HUMAN,5.733625498408233,
Cancer,2.0,,ACH-000805,IL1R1_HUMAN,0.0565835283663675,
Cancer,2.0,,ACH-001142,IL1R1_HUMAN,4.393004256898322,
Cancer,2.0,,ACH-001554,IL1R1_HUMAN,0.137503523749935,
Cancer,2.0,,ACH-000847,IL1R1_HUMAN,0.0426443374084937,
Cancer,2.0,,ACH-001207,IL1R1_HUMAN,4.819668183496455,
Cancer,2.0,,ACH-000832,IL1R1_HUMAN,5.049630767724601,
Cancer,2.0,,ACH-000428,IL1R1_HUMAN,2.1243281350022016,
Cancer,2.0,,ACH-001382,IL1R1_HUMAN,0.7136958148433591,
Cancer,2.0,,ACH-001302,IL1R1_HUMAN,0.1110313123887439,
Cancer,2.0,,ACH-000690,IL1R1_HUMAN,1.495695162624069,
Cancer,2.0,,ACH-001134,IL1R1_HUMAN,0.0565835283663675,
Cancer,2.0,,ACH-000914,IL1R1_HUMAN,0.0426443374084937,
Cancer,2.0,,ACH-000858,IL1R1_HUMAN,0.7739963251111731,
Cancer,2.0,,ACH-001421,IL1R1_HUMAN,0.0,
Cancer,2.0,,ACH-000544,IL1R1_HUMAN,0.2750070474998698,
Cancer,2.0,,ACH-000725,IL1R1_HUMAN,4.45022149589718,
Cancer,2.0,,ACH-000566,IL1R1_HUMAN,4.272769732436511,
Cancer,2.0,,ACH-000760,IL1R1_HUMAN,0.2265085298086797,
Cancer,2.0,,ACH-001745,IL1R1_HUMAN,0.2986583155645151,
Cancer,2.0,,ACH-000787,IL1R1_HUMAN,2.4905701304462013,
Cancer,2.0,,ACH-000749,IL1R1_HUMAN,0.137503523749935,
Cancer,2.0,,ACH-001068,IL1R1_HUMAN,4.856985689782205,
Cancer,2.0,,ACH-000358,IL1R1_HUMAN,0.0,
Cancer,2.0,,ACH-001654,IL1R1_HUMAN,1.2387868595871168,
Cancer,2.0,,ACH-001521,IL1R1_HUMAN,0.0565835283663675,
Cancer,2.0,,ACH-000209,IL1R1_HUMAN,3.0461417816447205,
Cancer,2.0,,ACH-001520,IL1R1_HUMAN,3.656496370553495,
Cancer,2.0,,ACH-000213,IL1R1_HUMAN,1.2387868595871168,
Cancer,2.0,,ACH-001610,IL1R1_HUMAN,7.197609878379472,
Cancer,2.0,,ACH-001408,IL1R1_HUMAN,2.584962500721156,
Cancer,2.0,,ACH-000991,IL1R1_HUMAN,1.867896463992655,
Cancer,2.0,,ACH-001412,IL1R1_HUMAN,1.967168607532628,
Cancer,2.0,,ACH-000331,IL1R1_HUMAN,3.6380738371807184,
Cancer,2.0,,ACH-001407,IL1R1_HUMAN,3.1602748314085933,
Cancer,2.0,,ACH-000580,IL1R1_HUMAN,0.3785116232537298,
Cancer,2.0,,ACH-000594,IL1R1_HUMAN,1.280956313831056,
Cancer,2.0,,ACH-000684,IL1R1_HUMAN,3.641546029087524,
Cancer,2.0,,ACH-000742,IL1R1_HUMAN,4.4269356196483365,
Cancer,2.0,,ACH-000868,IL1R1_HUMAN,4.423578170981798,
Cancer,2.0,,ACH-000732,IL1R1_HUMAN,2.1984941536390834,
Cancer,2.0,,ACH-000429,IL1R1_HUMAN,3.277984747299765,
Cancer,2.0,,ACH-000310,IL1R1_HUMAN,0.0565835283663675,
Cancer,2.0,,ACH-002475,IL1R1_HUMAN,0.1634987322828795,
Cancer,2.0,,ACH-000643,IL1R1_HUMAN,0.6870606883398922,
Cancer,2.0,,ACH-000234,IL1R1_HUMAN,0.4222330006830478,
Cancer,2.0,,ACH-001498,IL1R1_HUMAN,0.01435529297707,
Cancer,2.0,,ACH-000896,IL1R1_HUMAN,1.3504972470841332,
Cancer,2.0,,ACH-000203,IL1R1_HUMAN,0.3334237337251918,
Cancer,2.0,,ACH-001607,IL1R1_HUMAN,0.0565835283663675,
Cancer,2.0,,ACH-001441,IL1R1_HUMAN,0.0976107966264223,
Cancer,2.0,,ACH-000112,IL1R1_HUMAN,0.1110313123887439,
Cancer,2.0,,ACH-000186,IL1R1_HUMAN,3.4867143730307024,
Cancer,2.0,,ACH-000677,IL1R1_HUMAN,3.075532631167357,
Cancer,2.0,,ACH-000055,IL1R1_HUMAN,0.1505596765753814,
Cancer,2.0,,ACH-000485,IL1R1_HUMAN,0.070389327891398,
Cancer,2.0,,ACH-000672,IL1R1_HUMAN,1.292781749227846,
Cancer,2.0,,ACH-000287,IL1R1_HUMAN,0.01435529297707,
Cancer,2.0,,ACH-000784,IL1R1_HUMAN,1.5945485495503542,
Cancer,2.0,,ACH-000530,IL1R1_HUMAN,2.5310694927259543,
Cancer,2.0,,ACH-002024,IL1R1_HUMAN,0.0,
Cancer,2.0,,ACH-000380,IL1R1_HUMAN,0.070389327891398,
Cancer,2.0,,ACH-001737,IL1R1_HUMAN,0.070389327891398,
Cancer,2.0,,ACH-001400,IL1R1_HUMAN,1.7990873060740036,
Cancer,2.0,,ACH-001054,IL1R1_HUMAN,0.01435529297707,
Cancer,2.0,,ACH-000009,IL1R1_HUMAN,2.985500430304885,
Cancer,2.0,,ACH-000491,IL1R1_HUMAN,0.070389327891398,
Cancer,2.0,,ACH-001703,IL1R1_HUMAN,0.2630344058337938,
Cancer,2.0,,ACH-000002,IL1R1_HUMAN,0.4750848829487828,
Cancer,2.0,,ACH-001568,IL1R1_HUMAN,0.070389327891398,
Cancer,2.0,,ACH-000993,IL1R1_HUMAN,4.073820233291672,
Cancer,2.0,,ACH-000877,IL1R1_HUMAN,0.1634987322828795,
Cancer,2.0,,ACH-000711,IL1R1_HUMAN,3.232660756790275,
Cancer,2.0,,ACH-001515,IL1R1_HUMAN,2.5360529002402097,
Cancer,2.0,,ACH-000702,IL1R1_HUMAN,5.691254978650136,
Cancer,2.0,,ACH-001020,IL1R1_HUMAN,1.1176950426697545,
Cancer,2.0,,ACH-000600,IL1R1_HUMAN,5.999549087340949,
Cancer,2.0,,ACH-000354,IL1R1_HUMAN,2.356143810225275,
Cancer,2.0,,ACH-000012,IL1R1_HUMAN,2.028569152196771,
Cancer,2.0,,ACH-000689,IL1R1_HUMAN,4.443606651475615,
Cancer,2.0,,ACH-000459,IL1R1_HUMAN,3.4867143730307024,
Cancer,2.0,,ACH-001413,IL1R1_HUMAN,3.6599245584023774,
Cancer,2.0,,ACH-000686,IL1R1_HUMAN,5.204766750654613,
Cancer,2.0,,ACH-000342,IL1R1_HUMAN,1.835924074254375,
Cancer,2.0,,ACH-000208,IL1R1_HUMAN,4.2861418728343015,
Cancer,2.0,,ACH-000360,IL1R1_HUMAN,0.1243281350022017,
Cancer,2.0,,ACH-000249,IL1R1_HUMAN,1.782408564927373,
Cancer,2.0,,ACH-001368,IL1R1_HUMAN,3.114367024952,
Cancer,2.0,,ACH-000231,IL1R1_HUMAN,0.5260688116675876,
Cancer,2.0,,ACH-000945,IL1R1_HUMAN,4.769771739249448,
Cancer,2.0,,ACH-000662,IL1R1_HUMAN,0.137503523749935,
Cancer,2.0,,ACH-002458,IL1R1_HUMAN,2.189033824390017,
Cancer,2.0,,ACH-001378,IL1R1_HUMAN,2.1858665453113337,
Cancer,2.0,,ACH-001029,IL1R1_HUMAN,0.0840642647884745,
Cancer,2.0,,ACH-000248,IL1R1_HUMAN,3.8379432418910273,
Cancer,2.0,,ACH-000943,IL1R1_HUMAN,0.1505596765753814,
Cancer,2.0,,ACH-000751,IL1R1_HUMAN,1.480265122054463,
Cancer,2.0,,ACH-001696,IL1R1_HUMAN,4.259272487037594,
Cancer,2.0,,ACH-001016,IL1R1_HUMAN,3.761285273361619,
Cancer,2.0,,ACH-000282,IL1R1_HUMAN,3.089159131911238,
Cancer,2.0,,ACH-000261,IL1R1_HUMAN,1.0908534304511135,
Cancer,2.0,,ACH-000164,IL1R1_HUMAN,1.978195629681652,
Cancer,2.0,,ACH-001793,IL1R1_HUMAN,4.582556003014061,
Cancer,2.0,,ACH-000262,IL1R1_HUMAN,2.5310694927259543,
Cancer,2.0,,ACH-000158,IL1R1_HUMAN,0.0565835283663675,
Cancer,2.0,,ACH-000773,IL1R1_HUMAN,6.320484678017694,
Cancer,2.0,,ACH-000722,IL1R1_HUMAN,0.4541758931858021,
Cancer,2.0,,ACH-000857,IL1R1_HUMAN,2.7441610955704103,
Cancer,2.0,,ACH-001129,IL1R1_HUMAN,0.8399595874895318,
Cancer,2.0,,ACH-001619,IL1R1_HUMAN,1.2141248053528475,
Cancer,2.0,,ACH-000184,IL1R1_HUMAN,5.773468927905194,
Cancer,2.0,,ACH-000329,IL1R1_HUMAN,4.792855352362489,
Cancer,2.0,,ACH-001569,IL1R1_HUMAN,2.1858665453113337,
Cancer,2.0,,ACH-000814,IL1R1_HUMAN,2.021479727410452,
Cancer,2.0,,ACH-001701,IL1R1_HUMAN,1.3045110418099528,
Cancer,2.0,,ACH-000197,IL1R1_HUMAN,0.1243281350022017,
Cancer,2.0,,ACH-000545,IL1R1_HUMAN,1.3673710656485294,
Cancer,2.0,,ACH-000949,IL1R1_HUMAN,2.669026765509631,
Cancer,2.0,,ACH-000124,IL1R1_HUMAN,0.0285691521967709,
Cancer,2.0,,ACH-000560,IL1R1_HUMAN,0.8718436485093178,
Cancer,2.0,,ACH-000897,IL1R1_HUMAN,2.851998837112446,
Cancer,2.0,,ACH-001626,IL1R1_HUMAN,1.9373443921502325,
Cancer,2.0,,ACH-000619,IL1R1_HUMAN,1.2265085298086795,
Cancer,2.0,,ACH-001973,IL1R1_HUMAN,0.765534746362977,
Cancer,2.0,,ACH-001340,IL1R1_HUMAN,3.499527024215096,
Cancer,2.0,,ACH-000546,IL1R1_HUMAN,1.859969548221026,
Cancer,2.0,,ACH-001709,IL1R1_HUMAN,0.0426443374084937,
Cancer,2.0,,ACH-002018,IL1R1_HUMAN,0.01435529297707,
Cancer,2.0,,ACH-000153,IL1R1_HUMAN,2.1342209397606338,
Cancer,2.0,,ACH-000526,IL1R1_HUMAN,5.436628267292844,
Cancer,2.0,,ACH-000116,IL1R1_HUMAN,6.003152448666922,
Cancer,2.0,,ACH-000815,IL1R1_HUMAN,1.5210507369009632,
Cancer,2.0,,ACH-001270,IL1R1_HUMAN,0.6135316529179271,
Cancer,2.0,,ACH-000324,IL1R1_HUMAN,3.0,
Cancer,2.0,,ACH-001561,IL1R1_HUMAN,4.139960569545456,
Cancer,2.0,,ACH-000842,IL1R1_HUMAN,0.0565835283663675,
Cancer,2.0,,ACH-000898,IL1R1_HUMAN,0.2387868595871164,
Cancer,2.0,,ACH-000517,IL1R1_HUMAN,2.035623909730721,
Cancer,2.0,,ACH-001415,IL1R1_HUMAN,4.465974464504069,
Cancer,2.0,,ACH-000681,IL1R1_HUMAN,4.23035674505615,
Cancer,2.0,,ACH-001310,IL1R1_HUMAN,2.8914191868460786,
Cancer,2.0,,ACH-000070,IL1R1_HUMAN,0.070389327891398,
Cancer,2.0,,ACH-000484,IL1R1_HUMAN,0.925999418556223,
Cancer,2.0,,ACH-000108,IL1R1_HUMAN,1.8953026213333068,
Cancer,2.0,,ACH-000808,IL1R1_HUMAN,3.824767853143294,
Cancer,2.0,,ACH-000656,IL1R1_HUMAN,0.0565835283663675,
Cancer,2.0,,ACH-000166,IL1R1_HUMAN,0.2265085298086797,
Cancer,2.0,,ACH-000997,IL1R1_HUMAN,0.8639384504239714,
Cancer,2.0,,ACH-000866,IL1R1_HUMAN,2.6016965164809576,
Cancer,2.0,,ACH-000819,IL1R1_HUMAN,3.12267271882414,
Cancer,2.0,,ACH-000226,IL1R1_HUMAN,5.490890978894291,
Cancer,2.0,,ACH-000087,IL1R1_HUMAN,0.070389327891398,
Cancer,2.0,,ACH-000340,IL1R1_HUMAN,4.673556423990145,
Cancer,2.0,,ACH-002005,IL1R1_HUMAN,0.2509615735332188,
Cancer,2.0,,ACH-000758,IL1R1_HUMAN,2.286881147788161,
Cancer,2.0,,ACH-000196,IL1R1_HUMAN,1.232660756790275,
Cancer,2.0,,ACH-000258,IL1R1_HUMAN,0.1505596765753814,
Cancer,2.0,,ACH-000163,IL1R1_HUMAN,4.463360885816658,
Cancer,2.0,,ACH-000076,IL1R1_HUMAN,0.8718436485093178,
Cancer,2.0,,ACH-000509,IL1R1_HUMAN,0.0976107966264223,
Cancer,2.0,,ACH-001193,IL1R1_HUMAN,0.01435529297707,
Cancer,2.0,,ACH-000571,IL1R1_HUMAN,3.5496691707264905,
Cancer,2.0,,ACH-000391,IL1R1_HUMAN,0.0565835283663675,
Cancer,2.0,,ACH-000293,IL1R1_HUMAN,5.9371089462026045,
Cancer,2.0,,ACH-000532,IL1R1_HUMAN,0.6690267655096305,
Cancer,2.0,,ACH-000584,IL1R1_HUMAN,7.636842095866156,
Cancer,2.0,,ACH-001690,IL1R1_HUMAN,1.3950627995175775,
Cancer,2.0,,ACH-000586,IL1R1_HUMAN,0.7739963251111731,
Cancer,2.0,,ACH-000944,IL1R1_HUMAN,0.0840642647884745,
Cancer,2.0,,ACH-000561,IL1R1_HUMAN,2.0143552929770703,
Cancer,2.0,,ACH-001648,IL1R1_HUMAN,2.204766750654613,
Cancer,2.0,,ACH-000394,IL1R1_HUMAN,0.0565835283663675,
Cancer,2.0,,ACH-000954,IL1R1_HUMAN,1.761285273361619,
Cancer,2.0,,ACH-000204,IL1R1_HUMAN,0.0565835283663675,
Cancer,2.0,,ACH-000160,IL1R1_HUMAN,4.602884408718419,
Cancer,2.0,,ACH-000989,IL1R1_HUMAN,1.2016338611696504,
Cancer,2.0,,ACH-001347,IL1R1_HUMAN,4.15623479785027,
Cancer,2.0,,ACH-000691,IL1R1_HUMAN,0.9708536543404837,
Cancer,2.0,,ACH-000268,IL1R1_HUMAN,0.0426443374084937,
Cancer,2.0,,ACH-000119,IL1R1_HUMAN,4.207111961207714,
Cancer,2.0,,ACH-000379,IL1R1_HUMAN,5.22380865860602,
Cancer,2.0,,ACH-001341,IL1R1_HUMAN,3.861955364144869,
Cancer,2.0,,ACH-000714,IL1R1_HUMAN,0.0565835283663675,
Cancer,2.0,,ACH-000937,IL1R1_HUMAN,0.1243281350022017,
Cancer,2.0,,ACH-000763,IL1R1_HUMAN,0.01435529297707,
Cancer,2.0,,ACH-001673,IL1R1_HUMAN,2.521050736900963,
Cancer,2.0,,ACH-000326,IL1R1_HUMAN,0.1763227726404629,
Cancer,2.0,,ACH-000300,IL1R1_HUMAN,1.989139007368233,
Cancer,2.0,,ACH-000901,IL1R1_HUMAN,3.5619370596224327,
Cancer,2.0,,ACH-000816,IL1R1_HUMAN,0.0426443374084937,
Cancer,2.0,,ACH-000641,IL1R1_HUMAN,0.0565835283663675,
Cancer,2.0,,ACH-000511,IL1R1_HUMAN,2.778208576398088,
Cancer,2.0,,ACH-000583,IL1R1_HUMAN,0.6959938131099002,
Cancer,2.0,,ACH-000836,IL1R1_HUMAN,1.1953475983222193,
Cancer,2.0,,ACH-000975,IL1R1_HUMAN,4.1026581313637385,
Cancer,2.0,,ACH-000109,IL1R1_HUMAN,5.683977106975602,
Cancer,2.0,,ACH-000467,IL1R1_HUMAN,0.1763227726404629,
Cancer,2.0,,ACH-000712,IL1R1_HUMAN,0.0426443374084937,
Cancer,2.0,,ACH-000671,IL1R1_HUMAN,3.1292830169449664,
Cancer,2.0,,ACH-000523,IL1R1_HUMAN,0.01435529297707,
Cancer,2.0,,ACH-000864,IL1R1_HUMAN,0.01435529297707,
Cancer,2.0,,ACH-000726,IL1R1_HUMAN,1.2265085298086795,
Cancer,2.0,,ACH-000136,IL1R1_HUMAN,0.0426443374084937,
Cancer,2.0,,ACH-002067,IL1R1_HUMAN,3.3701642805402097,
Cancer,2.0,,ACH-000440,IL1R1_HUMAN,0.0426443374084937,
Cancer,2.0,,ACH-001461,IL1R1_HUMAN,0.1243281350022017,
Cancer,2.0,,ACH-000890,IL1R1_HUMAN,1.3448284969974411,
Cancer,2.0,,ACH-001692,IL1R1_HUMAN,2.5310694927259543,
Cancer,2.0,,ACH-000027,IL1R1_HUMAN,4.460087240116833,
Cancer,2.0,,ACH-000562,IL1R1_HUMAN,1.8237493603082728,
Cancer,2.0,,ACH-000748,IL1R1_HUMAN,4.104336659814735,
Cancer,2.0,,ACH-001669,IL1R1_HUMAN,0.0976107966264223,
Cancer,2.0,,ACH-000834,IL1R1_HUMAN,2.613531652917927,
Cancer,2.0,,ACH-000565,IL1R1_HUMAN,0.2750070474998698,
Cancer,2.0,,ACH-000449,IL1R1_HUMAN,2.881664619320345,
Cancer,2.0,,ACH-000399,IL1R1_HUMAN,0.01435529297707,
Cancer,2.0,,ACH-002080,IL1R1_HUMAN,0.4436066514756146,
Cancer,2.0,,ACH-000770,IL1R1_HUMAN,0.3334237337251918,
Cancer,2.0,,ACH-000710,IL1R1_HUMAN,0.0976107966264223,
Cancer,2.0,,ACH-000507,IL1R1_HUMAN,5.559797695754872,
Cancer,2.0,,ACH-000066,IL1R1_HUMAN,2.883620816285671,
Cancer,2.0,,ACH-000022,IL1R1_HUMAN,0.0426443374084937,
Cancer,2.0,,ACH-001668,IL1R1_HUMAN,0.1763227726404629,
Cancer,2.0,,ACH-000334,IL1R1_HUMAN,0.01435529297707,
Cancer,2.0,,ACH-000374,IL1R1_HUMAN,2.469885976274464,
Cancer,2.0,,ACH-000519,IL1R1_HUMAN,2.4276061727818994,
Cancer,2.0,,ACH-000908,IL1R1_HUMAN,0.1243281350022017,
Cancer,2.0,,ACH-002003,IL1R1_HUMAN,0.1763227726404629,
Cancer,2.0,,ACH-000574,IL1R1_HUMAN,6.058532970201611,
Cancer,2.0,,ACH-000148,IL1R1_HUMAN,4.887525270741588,
Cancer,2.0,,ACH-002461,IL1R1_HUMAN,2.6870606883398924,
Cancer,2.0,,ACH-000646,IL1R1_HUMAN,0.2750070474998698,
Cancer,2.0,,ACH-000314,IL1R1_HUMAN,4.388878338811989,
Cancer,2.0,,ACH-000040,IL1R1_HUMAN,4.655924213083815,
Cancer,2.0,,ACH-001057,IL1R1_HUMAN,0.01435529297707,
Cancer,2.0,,ACH-000430,IL1R1_HUMAN,0.137503523749935,
Cancer,2.0,,ACH-001041,IL1R1_HUMAN,0.9560566524124028,
Cancer,2.0,,ACH-001977,IL1R1_HUMAN,0.963474123974886,
Cancer,2.0,,ACH-000370,IL1R1_HUMAN,3.2234225499349374,
Cancer,2.0,,ACH-001630,IL1R1_HUMAN,1.560714954474479,
Cancer,2.0,,ACH-000437,IL1R1_HUMAN,5.497931651896279,
Cancer,2.0,,ACH-000498,IL1R1_HUMAN,0.879705766282288,
Cancer,2.0,,ACH-001392,IL1R1_HUMAN,1.7004397181410922,
Cancer,2.0,,ACH-000503,IL1R1_HUMAN,2.794935662803536,
Cancer,2.0,,ACH-000328,IL1R1_HUMAN,3.0531113364595623,
Cancer,2.0,,ACH-000403,IL1R1_HUMAN,0.9486008474933558,
Cancer,2.0,,ACH-000400,IL1R1_HUMAN,0.9107326619029126,
Cancer,2.0,,ACH-000224,IL1R1_HUMAN,4.969933274697856,
Cancer,2.0,,ACH-000318,IL1R1_HUMAN,3.2203299548795554,
Cancer,2.0,,ACH-001430,IL1R1_HUMAN,0.1763227726404629,
Cancer,2.0,,ACH-000928,IL1R1_HUMAN,6.525129251203973,
Cancer,2.0,,ACH-000893,IL1R1_HUMAN,4.169925001442312,
Cancer,2.0,,ACH-000889,IL1R1_HUMAN,0.0426443374084937,
Cancer,2.0,,ACH-000799,IL1R1_HUMAN,1.6507645591169022,
Cancer,2.0,,ACH-001623,IL1R1_HUMAN,4.698218478224414,
Cancer,2.0,,ACH-000736,IL1R1_HUMAN,1.7782085763980875,
Cancer,2.0,,ACH-000876,IL1R1_HUMAN,3.261530815243406,
Cancer,2.0,,ACH-001232,IL1R1_HUMAN,4.630521963471638,
Cancer,2.0,,ACH-001618,IL1R1_HUMAN,0.0565835283663675,
Cancer,2.0,,ACH-000235,IL1R1_HUMAN,0.7570232465074596,
Cancer,2.0,,ACH-000381,IL1R1_HUMAN,0.1505596765753814,
Cancer,2.0,,ACH-001993,IL1R1_HUMAN,1.3103401206121503,
Cancer,2.0,,ACH-001301,IL1R1_HUMAN,0.1243281350022017,
Cancer,2.0,,ACH-000854,IL1R1_HUMAN,0.0426443374084937,
Cancer,2.0,,ACH-000187,IL1R1_HUMAN,0.01435529297707,
Cancer,2.0,,ACH-000543,IL1R1_HUMAN,5.02768487693716,
Cancer,2.0,,ACH-000569,IL1R1_HUMAN,1.565597175854225,
Cancer,2.0,,ACH-000668,IL1R1_HUMAN,5.10055722078293,
Cancer,2.0,,ACH-000134,IL1R1_HUMAN,4.751142324726947,
Cancer,2.0,,ACH-000924,IL1R1_HUMAN,2.5360529002402097,
Cancer,2.0,,ACH-001450,IL1R1_HUMAN,0.0565835283663675,
Cancer,2.0,,ACH-000296,IL1R1_HUMAN,4.097610796626422,
Cancer,2.0,,ACH-000713,IL1R1_HUMAN,4.748461233004035,
Cancer,2.0,,ACH-001360,IL1R1_HUMAN,0.0285691521967709,
Cancer,2.0,,ACH-000273,IL1R1_HUMAN,4.37016428054021,
Cancer,2.0,,ACH-001715,IL1R1_HUMAN,5.189824558880018,
Cancer,2.0,,ACH-001617,IL1R1_HUMAN,0.0,
Cancer,2.0,,ACH-000639,IL1R1_HUMAN,0.1243281350022017,
Cancer,2.0,,ACH-000590,IL1R1_HUMAN,2.028569152196771,
Cancer,2.0,,ACH-000553,IL1R1_HUMAN,1.2448870591235344,
Cancer,2.0,,ACH-000084,IL1R1_HUMAN,0.2016338611696504,
Cancer,2.0,,ACH-000094,IL1R1_HUMAN,0.5753123306874368,
Cancer,2.0,,ACH-000361,IL1R1_HUMAN,2.3362833878644325,
Cancer,2.0,,ACH-000719,IL1R1_HUMAN,1.8439838440483265,
Cancer,2.0,,ACH-001396,IL1R1_HUMAN,0.2630344058337938,
Cancer,2.0,,ACH-001848,IL1R1_HUMAN,2.3476656563009706,
Cancer,2.0,,ACH-000339,IL1R1_HUMAN,3.00539998774259,
Cancer,2.0,,ACH-002048,IL1R1_HUMAN,0.3103401206121505,
Cancer,2.0,,ACH-000218,IL1R1_HUMAN,0.2750070474998698,
Cancer,2.0,,ACH-000789,IL1R1_HUMAN,0.1110313123887439,
Cancer,2.0,,ACH-000413,IL1R1_HUMAN,4.710393192170516,
Cancer,2.0,,ACH-000125,IL1R1_HUMAN,5.674969030624974,
Cancer,2.0,,ACH-000180,IL1R1_HUMAN,5.219555769166913,
Cancer,2.0,,ACH-000215,IL1R1_HUMAN,5.177120502846516,
Cancer,2.0,,ACH-001001,IL1R1_HUMAN,0.3785116232537298,
Cancer,2.0,,ACH-000407,IL1R1_HUMAN,2.983677694698067,
Cancer,2.0,,ACH-002027,IL1R1_HUMAN,0.0976107966264223,
Cancer,2.0,,ACH-001132,IL1R1_HUMAN,0.01435529297707,
Cancer,2.0,,ACH-001278,IL1R1_HUMAN,0.4436066514756146,
Cancer,2.0,,ACH-000032,IL1R1_HUMAN,0.0840642647884745,
Cancer,2.0,,ACH-001419,IL1R1_HUMAN,3.14893410452634,
Cancer,2.0,,ACH-000494,IL1R1_HUMAN,5.403608583543695,
Cancer,2.0,,ACH-000865,IL1R1_HUMAN,0.1505596765753814,
Cancer,2.0,,ACH-000439,IL1R1_HUMAN,0.0840642647884745,
Cancer,2.0,,ACH-001523,IL1R1_HUMAN,3.023255352300303,
Cancer,2.0,,ACH-000024,IL1R1_HUMAN,0.0976107966264223,
Cancer,2.0,,ACH-000674,IL1R1_HUMAN,0.3448284969974411,
Cancer,2.0,,ACH-000670,IL1R1_HUMAN,0.7398481026993274,
Cancer,2.0,,ACH-000599,IL1R1_HUMAN,0.3103401206121505,
Cancer,2.0,,ACH-000263,IL1R1_HUMAN,0.1243281350022017,
Cancer,2.0,,ACH-000303,IL1R1_HUMAN,0.3103401206121505,
Cancer,2.0,,ACH-001551,IL1R1_HUMAN,3.033863451866284,
Cancer,2.0,,ACH-000793,IL1R1_HUMAN,0.1505596765753814,
Cancer,2.0,,ACH-002511,IL1R1_HUMAN,2.007195501404204,
Cancer,2.0,,ACH-000286,IL1R1_HUMAN,0.7398481026993274,
Cancer,2.0,,ACH-000250,IL1R1_HUMAN,3.305970520984386,
Cancer,2.0,,ACH-000299,IL1R1_HUMAN,0.4541758931858021,
Cancer,2.0,,ACH-000139,IL1R1_HUMAN,1.0772429989324606,
Cancer,2.0,,ACH-001735,IL1R1_HUMAN,0.5360529002402097,
Cancer,2.0,,ACH-001389,IL1R1_HUMAN,5.594548549550354,
Cancer,2.0,,ACH-001183,IL1R1_HUMAN,0.5849625007211562,
Cancer,2.0,,ACH-000551,IL1R1_HUMAN,3.234194722953812,
Cancer,2.0,,ACH-001163,IL1R1_HUMAN,3.843983844048328,
Cancer,2.0,,ACH-000037,IL1R1_HUMAN,4.599317793698226,
Cancer,2.0,,ACH-000744,IL1R1_HUMAN,2.6484654430273142,
Cancer,2.0,,ACH-000420,IL1R1_HUMAN,0.1634987322828795,
Cancer,2.0,,ACH-000336,IL1R1_HUMAN,0.3448284969974411,
Cancer,2.0,,ACH-000486,IL1R1_HUMAN,1.6644828403646823,
Cancer,2.0,,ACH-000679,IL1R1_HUMAN,1.541019153133559,
Cancer,2.0,,ACH-001557,IL1R1_HUMAN,2.513490745588118,
Cancer,2.0,,ACH-000247,IL1R1_HUMAN,2.1538053360790355,
Cancer,2.0,,ACH-000947,IL1R1_HUMAN,1.3045110418099528,
Cancer,2.0,,ACH-000807,IL1R1_HUMAN,0.9927684307689242,
Cancer,2.0,,ACH-000476,IL1R1_HUMAN,3.807354922057604,
Cancer,2.0,,ACH-000525,IL1R1_HUMAN,0.01435529297707,
Cancer,2.0,,ACH-001148,IL1R1_HUMAN,1.0426443374084935,
Cancer,2.0,,ACH-000853,IL1R1_HUMAN,0.2387868595871164,
Cancer,2.0,,ACH-000083,IL1R1_HUMAN,4.072105800480419,
Cancer,2.0,,ACH-000479,IL1R1_HUMAN,3.092545741543565,
Cancer,2.0,,ACH-000230,IL1R1_HUMAN,3.760220946466509,
Cancer,2.0,,ACH-001664,IL1R1_HUMAN,1.232660756790275,
Cancer,2.0,,ACH-000955,IL1R1_HUMAN,1.4646682670034443,
Cancer,2.0,,ACH-000049,IL1R1_HUMAN,1.7484612330040354,
Cancer,2.0,,ACH-000675,IL1R1_HUMAN,4.496973580998276,
Cancer,2.0,,ACH-000199,IL1R1_HUMAN,3.959770155211468,
Cancer,2.0,,ACH-000193,IL1R1_HUMAN,0.1505596765753814,
Cancer,2.0,,ACH-000538,IL1R1_HUMAN,0.4646682670034443,
Cancer,2.0,,ACH-001647,IL1R1_HUMAN,0.6959938131099002,
Cancer,2.0,,ACH-001649,IL1R1_HUMAN,2.6322682154995127,
Cancer,2.0,,ACH-000155,IL1R1_HUMAN,1.097610796626422,
Cancer,2.0,,ACH-000270,IL1R1_HUMAN,2.097610796626422,
Cancer,2.0,,ACH-000683,IL1R1_HUMAN,0.6599245584023783,
Cancer,2.0,,ACH-002017,IL1R1_HUMAN,0.0,
Cancer,2.0,,ACH-000655,IL1R1_HUMAN,2.192194165283345,
Cancer,2.0,,ACH-000145,IL1R1_HUMAN,2.729008870337863,
Cancer,2.0,,ACH-001495,IL1R1_HUMAN,5.589463892956097,
Cancer,2.0,,ACH-000188,IL1R1_HUMAN,1.7048719644563528,
Cancer,2.0,,ACH-000080,IL1R1_HUMAN,0.5655971758542251,
Cancer,2.0,,ACH-000146,IL1R1_HUMAN,1.232660756790275,
Cancer,2.0,,ACH-000415,IL1R1_HUMAN,2.114367024952,
Cancer,2.0,,ACH-001518,IL1R1_HUMAN,2.4620523187964327,
Cancer,2.0,,ACH-000891,IL1R1_HUMAN,2.2600256559614555,
Cancer,2.0,,ACH-001625,IL1R1_HUMAN,1.0071955014042038,
Cancer,2.0,,ACH-000895,IL1R1_HUMAN,0.7311832415722002,
Cancer,2.0,,ACH-000851,IL1R1_HUMAN,2.292781749227846,
Cancer,2.0,,ACH-000824,IL1R1_HUMAN,1.752748591407134,
Cancer,2.0,,ACH-000506,IL1R1_HUMAN,0.01435529297707,
Cancer,2.0,,ACH-000540,IL1R1_HUMAN,5.994805976084931,
Cancer,2.0,,ACH-000061,IL1R1_HUMAN,0.0840642647884745,
Cancer,2.0,,ACH-000185,IL1R1_HUMAN,4.8494989317201815,
Cancer,2.0,,ACH-000568,IL1R1_HUMAN,5.718361626138354,
Cancer,2.0,,ACH-000707,IL1R1_HUMAN,0.0840642647884745,
Cancer,2.0,,ACH-000603,IL1R1_HUMAN,0.6415460290875237,
Cancer,2.0,,ACH-000983,IL1R1_HUMAN,0.2016338611696504,
Cancer,2.0,,ACH-000541,IL1R1_HUMAN,0.0976107966264223,
Cancer,2.0,,ACH-000680,IL1R1_HUMAN,1.0426443374084935,
Cancer,2.0,,ACH-002460,IL1R1_HUMAN,2.5058909297299574,
Cancer,2.0,,ACH-000111,IL1R1_HUMAN,2.1538053360790355,
Cancer,2.0,,ACH-002463,IL1R1_HUMAN,1.3334237337251915,
Cancer,2.0,,ACH-000369,IL1R1_HUMAN,1.3161457422933562,
Cancer,2.0,,ACH-000618,IL1R1_HUMAN,2.032100843167024,
Cancer,2.0,,ACH-000470,IL1R1_HUMAN,0.4956951626240688,
Cancer,2.0,,ACH-002039,IL1R1_HUMAN,0.6959938131099002,
Cancer,2.0,,ACH-000118,IL1R1_HUMAN,1.7782085763980875,
Cancer,2.0,,ACH-000614,IL1R1_HUMAN,1.0071955014042038,
Cancer,2.0,,ACH-001338,IL1R1_HUMAN,0.0,
Cancer,2.0,,ACH-000432,IL1R1_HUMAN,0.01435529297707,
Cancer,2.0,,ACH-000556,IL1R1_HUMAN,3.700439718141092,
Cancer,2.0,,ACH-001804,IL1R1_HUMAN,6.259649120649155,
Cancer,2.0,,ACH-001386,IL1R1_HUMAN,0.0,
Cancer,2.0,,ACH-001060,IL1R1_HUMAN,0.0565835283663675,
Cancer,2.0,,ACH-001525,IL1R1_HUMAN,1.765534746362977,
Cancer,2.0,,ACH-001539,IL1R1_HUMAN,0.0,
Cancer,2.0,,ACH-000014,IL1R1_HUMAN,2.5160151470036647,
Cancer,2.0,,ACH-000637,IL1R1_HUMAN,0.7398481026993274,
Cancer,2.0,,ACH-000455,IL1R1_HUMAN,1.859969548221026,
Cancer,2.0,,ACH-000389,IL1R1_HUMAN,3.9541963103868754,
Cancer,2.0,,ACH-000129,IL1R1_HUMAN,0.7311832415722002,
Cancer,2.0,,ACH-000490,IL1R1_HUMAN,0.4750848829487828,
Cancer,2.0,,ACH-000434,IL1R1_HUMAN,1.063502942306158,
Cancer,2.0,,ACH-002042,IL1R1_HUMAN,0.5655971758542251,
Cancer,2.0,,ACH-000597,IL1R1_HUMAN,0.4854268271702416,
Cancer,2.0,,ACH-000756,IL1R1_HUMAN,4.018812185742817,
Cancer,2.0,,ACH-000396,IL1R1_HUMAN,2.1243281350022016,
Cancer,2.0,,ACH-000089,IL1R1_HUMAN,0.6229303509201767,
Cancer,2.0,,ACH-000371,IL1R1_HUMAN,0.0285691521967709,
Cancer,2.0,,ACH-000265,IL1R1_HUMAN,2.353323291162897,
Cancer,2.0,,ACH-000132,IL1R1_HUMAN,4.112700132749362,
Cancer,2.0,,ACH-000216,IL1R1_HUMAN,1.8718436485093173,
Cancer,2.0,,ACH-000613,IL1R1_HUMAN,0.3561438102252753,
Cancer,2.0,,ACH-000855,IL1R1_HUMAN,0.2509615735332188,
Cancer,2.0,,ACH-000906,IL1R1_HUMAN,0.411426245726465,
Cancer,2.0,,ACH-000348,IL1R1_HUMAN,4.854494418154875,
Cancer,2.0,,ACH-001100,IL1R1_HUMAN,0.5753123306874368,
Cancer,2.0,,ACH-000238,IL1R1_HUMAN,2.9467308601403097,
Cancer,2.0,,ACH-000237,IL1R1_HUMAN,3.2942531364445142,
Cancer,2.0,,ACH-000393,IL1R1_HUMAN,3.017921907997262,
Cancer,2.0,,ACH-000623,IL1R1_HUMAN,5.072963271555224,
Cancer,2.0,,ACH-000359,IL1R1_HUMAN,2.6507645591169022,
Cancer,2.0,,ACH-001028,IL1R1_HUMAN,0.0,
Cancer,2.0,,ACH-000621,IL1R1_HUMAN,4.484782623077873,
Cancer,2.0,,ACH-001641,IL1R1_HUMAN,0.3103401206121505,
Cancer,2.0,,ACH-000056,IL1R1_HUMAN,0.0840642647884745,
Cancer,2.0,,ACH-000483,IL1R1_HUMAN,2.533563348214512,
Cancer,2.0,,ACH-000514,IL1R1_HUMAN,0.0285691521967709,
Cancer,2.0,,ACH-000051,IL1R1_HUMAN,0.411426245726465,
Cancer,2.0,,ACH-000043,IL1R1_HUMAN,4.628773595201645,
Cancer,2.0,,ACH-000936,IL1R1_HUMAN,2.765534746362977,
Cancer,2.0,,ACH-000716,IL1R1_HUMAN,0.5849625007211562,
Cancer,2.0,,ACH-000988,IL1R1_HUMAN,4.92362461136832,
Cancer,2.0,,ACH-000952,IL1R1_HUMAN,3.887525270741588,
Cancer,2.0,,ACH-000065,IL1R1_HUMAN,0.0565835283663675,
Cancer,2.0,,ACH-000609,IL1R1_HUMAN,4.537917249034082,
Cancer,2.0,,ACH-001411,IL1R1_HUMAN,1.144046369616707,
Cancer,2.0,,ACH-000504,IL1R1_HUMAN,4.185866545311334,
Cancer,2.0,,ACH-000956,IL1R1_HUMAN,2.773996325111173,
Cancer,2.0,,ACH-001712,IL1R1_HUMAN,8.521207816223987,
Cancer,2.0,,ACH-000652,IL1R1_HUMAN,2.104336659814736,
Cancer,2.0,,ACH-000414,IL1R1_HUMAN,4.618238655595454,
Cancer,2.0,,ACH-000472,IL1R1_HUMAN,0.6040713236688608,
Cancer,2.0,,ACH-000007,IL1R1_HUMAN,0.2141248053528473,
Cancer,2.0,,ACH-000446,IL1R1_HUMAN,4.635173946674924,
Cancer,2.0,,ACH-000386,IL1R1_HUMAN,0.3561438102252753,
Cancer,2.0,,ACH-001850,IL1R1_HUMAN,0.0840642647884745,
Cancer,2.0,,ACH-000755,IL1R1_HUMAN,1.6644828403646823,
Cancer,2.0,,ACH-000028,IL1R1_HUMAN,2.625270489374693,
Cancer,2.0,,ACH-000665,IL1R1_HUMAN,2.411426245726465,
Cancer,2.0,,ACH-000078,IL1R1_HUMAN,0.0840642647884745,
Cancer,2.0,,ACH-002046,IL1R1_HUMAN,3.4789718050329426,
Cancer,2.0,,ACH-000397,IL1R1_HUMAN,2.292781749227846,
Cancer,2.0,,ACH-000229,IL1R1_HUMAN,4.79025073883523,
Cancer,2.0,,ACH-000518,IL1R1_HUMAN,4.656496370553495,
Cancer,2.0,,ACH-001566,IL1R1_HUMAN,0.8953026213333066,
Cancer,2.0,,ACH-000252,IL1R1_HUMAN,0.2509615735332188,
Cancer,2.0,,ACH-000572,IL1R1_HUMAN,0.6959938131099002,
Cancer,2.0,,ACH-001605,IL1R1_HUMAN,2.839959587489532,
Cancer,2.0,,ACH-000277,IL1R1_HUMAN,0.3219280948873623,
Cancer,2.0,,ACH-001239,IL1R1_HUMAN,0.3219280948873623,
Cancer,2.0,,ACH-000786,IL1R1_HUMAN,0.01435529297707,
Cancer,2.0,,ACH-000803,IL1R1_HUMAN,0.8237493603082727,
Cancer,2.0,,ACH-001970,IL1R1_HUMAN,0.3219280948873623,
Cancer,2.0,,ACH-002038,IL1R1_HUMAN,1.4276061727818994,
Cancer,2.0,,ACH-000537,IL1R1_HUMAN,4.0900065299038175,
Cancer,2.0,,ACH-000419,IL1R1_HUMAN,0.0565835283663675,
Cancer,2.0,,ACH-000724,IL1R1_HUMAN,1.7782085763980875,
Cancer,2.0,,ACH-000522,IL1R1_HUMAN,1.7484612330040354,
Cancer,2.0,,ACH-001549,IL1R1_HUMAN,0.0,
Cancer,2.0,,ACH-000706,IL1R1_HUMAN,2.4620523187964327,
Cancer,2.0,,ACH-000737,IL1R1_HUMAN,0.7739963251111731,
Cancer,2.0,,ACH-000548,IL1R1_HUMAN,1.0565835283663676,
Cancer,2.0,,ACH-001839,IL1R1_HUMAN,3.232660756790275,
Cancer,2.0,,ACH-001799,IL1R1_HUMAN,4.313245851787562,
Cancer,2.0,,ACH-001573,IL1R1_HUMAN,1.769771739249448,
Cancer,2.0,,ACH-000425,IL1R1_HUMAN,2.526068811667588,
Cancer,2.0,,ACH-000375,IL1R1_HUMAN,1.4698859762744636,
Cancer,2.0,,ACH-000753,IL1R1_HUMAN,0.1110313123887439,
Cancer,2.0,,ACH-000275,IL1R1_HUMAN,4.072963271555224,
Cancer,2.0,,ACH-000735,IL1R1_HUMAN,2.5185351389821804,
Cancer,2.0,,ACH-000654,IL1R1_HUMAN,0.070389327891398,
Cancer,2.0,,ACH-001067,IL1R1_HUMAN,3.995484518877507,
Cancer,2.0,,ACH-000170,IL1R1_HUMAN,2.8155754288625725,
Cancer,2.0,,ACH-001394,IL1R1_HUMAN,3.003602236680196,
Cancer,2.0,,ACH-000404,IL1R1_HUMAN,1.3785116232537298,
Cancer,2.0,,ACH-000882,IL1R1_HUMAN,1.2570106182060237,
Cancer,2.0,,ACH-001509,IL1R1_HUMAN,0.8875252707415875,
Cancer,2.0,,ACH-000210,IL1R1_HUMAN,0.0426443374084937,
Cancer,2.0,,ACH-000254,IL1R1_HUMAN,5.096767854714689,
Cancer,2.0,,ACH-000604,IL1R1_HUMAN,0.5655971758542251,
Cancer,2.0,,ACH-000090,IL1R1_HUMAN,0.6690267655096305,
Cancer,2.0,,ACH-000195,IL1R1_HUMAN,0.3673710656485294,
Cancer,2.0,,ACH-001791,IL1R1_HUMAN,4.205548911173033,
Cancer,2.0,,ACH-001650,IL1R1_HUMAN,2.807354922057604,
Cancer,2.0,,ACH-000605,IL1R1_HUMAN,1.84799690655495,
Cancer,2.0,,ACH-000458,IL1R1_HUMAN,1.3950627995175775,
Cancer,2.0,,ACH-002084,IL1R1_HUMAN,1.2448870591235344,
Cancer,2.0,,ACH-000004,IL1R1_HUMAN,0.1634987322828795,
Cancer,2.0,,ACH-000251,IL1R1_HUMAN,1.6182386555954549,
Cancer,2.0,,ACH-000241,IL1R1_HUMAN,0.411426245726465,
Cancer,2.0,,ACH-001194,IL1R1_HUMAN,5.357552004618084,
Cancer,2.0,,ACH-002055,IL1R1_HUMAN,0.01435529297707,
Cancer,2.0,,ACH-001443,IL1R1_HUMAN,3.140778655782796,
Cancer,2.0,,ACH-000688,IL1R1_HUMAN,3.547203024756932,
Cancer,2.0,,ACH-000405,IL1R1_HUMAN,0.3103401206121505,
Cancer,2.0,,ACH-000821,IL1R1_HUMAN,0.1634987322828795,
Cancer,2.0,,ACH-001677,IL1R1_HUMAN,0.0,
Cancer,2.0,,ACH-001627,IL1R1_HUMAN,1.8155754288625725,
Cancer,2.0,,ACH-000951,IL1R1_HUMAN,2.873813198359087,
Cancer,2.0,,ACH-001036,IL1R1_HUMAN,0.0,
Cancer,2.0,,ACH-000547,IL1R1_HUMAN,2.169925001442312,
Cancer,2.0,,ACH-000826,IL1R1_HUMAN,1.875780063068488,
Cancer,2.0,,ACH-001147,IL1R1_HUMAN,0.01435529297707,
Cancer,2.0,,ACH-000162,IL1R1_HUMAN,0.070389327891398,
Cancer,2.0,,ACH-001751,IL1R1_HUMAN,1.867896463992655,
Cancer,2.0,,ACH-000018,IL1R1_HUMAN,0.3561438102252753,
Cancer,2.0,,ACH-000721,IL1R1_HUMAN,0.0976107966264223,
Cancer,2.0,,ACH-000003,IL1R1_HUMAN,3.298658315564515,
Cancer,2.0,,ACH-000092,IL1R1_HUMAN,3.552131108253784,
Cancer,2.0,,ACH-000669,IL1R1_HUMAN,4.300123724569014,
Cancer,2.0,,ACH-001099,IL1R1_HUMAN,1.1375035237499351,
Cancer,2.0,,ACH-000648,IL1R1_HUMAN,0.4329594072761063,
Cancer,2.0,,ACH-000950,IL1R1_HUMAN,0.933572638261024,
Cancer,2.0,,ACH-000050,IL1R1_HUMAN,0.0840642647884745,
Cancer,2.0,,ACH-001106,IL1R1_HUMAN,0.0565835283663675,
Cancer,2.0,,ACH-000367,IL1R1_HUMAN,1.807354922057604,
Cancer,2.0,,ACH-000589,IL1R1_HUMAN,2.563158130402808,
Cancer,2.0,,ACH-000564,IL1R1_HUMAN,0.0426443374084937,
Cancer,2.0,,ACH-001522,IL1R1_HUMAN,0.7824085649273732,
Cancer,2.0,,ACH-000831,IL1R1_HUMAN,1.875780063068488,
Cancer,2.0,,ACH-000424,IL1R1_HUMAN,0.01435529297707,
Cancer,2.0,,ACH-000409,IL1R1_HUMAN,5.606738317417591,
Cancer,2.0,,ACH-000616,IL1R1_HUMAN,3.834913429701039,
Cancer,2.0,,ACH-000628,IL1R1_HUMAN,3.6915341649192,
Cancer,2.0,,ACH-000512,IL1R1_HUMAN,0.0840642647884745,
Cancer,2.0,,ACH-000820,IL1R1_HUMAN,0.2016338611696504,
Cancer,2.0,,ACH-001295,IL1R1_HUMAN,0.0,
Cancer,2.0,,ACH-001164,IL1R1_HUMAN,3.499527024215096,
Cancer,2.0,,ACH-000806,IL1R1_HUMAN,2.2357270598380583,
Cancer,2.0,,ACH-000645,IL1R1_HUMAN,4.34766565630097,
Cancer,2.0,,ACH-000099,IL1R1_HUMAN,0.0840642647884745,
Cancer,2.0,,ACH-000902,IL1R1_HUMAN,1.6599245584023783,
Cancer,2.0,,ACH-000649,IL1R1_HUMAN,3.448900951145128,
Cancer,2.0,,ACH-000086,IL1R1_HUMAN,3.857980995127572,
Cancer,2.0,,ACH-000149,IL1R1_HUMAN,3.351910961103077,
Cancer,2.0,,ACH-000142,IL1R1_HUMAN,2.666756591884804,
Cancer,2.0,,ACH-000227,IL1R1_HUMAN,0.0840642647884745,
Cancer,2.0,,ACH-000697,IL1R1_HUMAN,0.0565835283663675,
Cancer,2.0,,ACH-000942,IL1R1_HUMAN,0.0285691521967709,
Cancer,2.0,,ACH-000264,IL1R1_HUMAN,0.5558161550616396,
Cancer,2.0,,ACH-000809,IL1R1_HUMAN,0.6415460290875237,
Cancer,2.0,,ACH-000100,IL1R1_HUMAN,0.7398481026993274,
Cancer,2.0,,ACH-000060,IL1R1_HUMAN,0.5753123306874368,
Cancer,2.0,,ACH-000001,IL1R1_HUMAN,6.147306698780294,
Cancer,2.0,,ACH-000957,IL1R1_HUMAN,0.137503523749935,
Cancer,2.0,,ACH-000650,IL1R1_HUMAN,0.0976107966264223,
Cancer,2.0,,ACH-001096,IL1R1_HUMAN,0.0426443374084937,
Cancer,2.0,,ACH-000239,IL1R1_HUMAN,0.3334237337251918,
Cancer,2.0,,ACH-000762,IL1R1_HUMAN,2.761285273361619,
Cancer,2.0,,ACH-000922,IL1R1_HUMAN,0.0565835283663675,
Cancer,2.0,,ACH-000859,IL1R1_HUMAN,4.54101915313356,
Cancer,2.0,,ACH-000990,IL1R1_HUMAN,3.0942360698457656,
Cancer,2.0,,ACH-000410,IL1R1_HUMAN,2.689299160535892,
Cancer,2.0,,ACH-000927,IL1R1_HUMAN,2.9708536543404835,
Cancer,2.0,,ACH-001853,IL1R1_HUMAN,0.0976107966264223,
Cancer,2.0,,ACH-000694,IL1R1_HUMAN,1.7782085763980875,
Cancer,2.0,,ACH-000935,IL1R1_HUMAN,4.369466483650723,
Cancer,2.0,,ACH-000918,IL1R1_HUMAN,0.4956951626240688,
Cancer,2.0,,ACH-000761,IL1R1_HUMAN,2.073820233291672,
Cancer,2.0,,ACH-001563,IL1R1_HUMAN,1.298658315564515,
Cancer,2.0,,ACH-000974,IL1R1_HUMAN,0.8875252707415875,
Cancer,2.0,,ACH-000297,IL1R1_HUMAN,0.0976107966264223,
Cancer,2.0,,ACH-001719,IL1R1_HUMAN,3.96254902292306,
Cancer,2.0,,ACH-000243,IL1R1_HUMAN,0.3785116232537298,
Cancer,2.0,,ACH-001418,IL1R1_HUMAN,1.1634987322828796,
Cancer,2.0,,ACH-000362,IL1R1_HUMAN,0.0426443374084937,
Cancer,2.0,,ACH-000843,IL1R1_HUMAN,0.2016338611696504,
Cancer,2.0,,ACH-000840,IL1R1_HUMAN,2.568032104771279,
Cancer,2.0,,ACH-001852,IL1R1_HUMAN,0.8399595874895318,
Cancer,2.0,,ACH-001528,IL1R1_HUMAN,2.4168397419128294,
Cancer,2.0,,ACH-001656,IL1R1_HUMAN,1.5210507369009632,
Cancer,2.0,,ACH-000016,IL1R1_HUMAN,5.257387842692652,
Cancer,2.0,,ACH-000165,IL1R1_HUMAN,4.500802053057158,
Cancer,2.0,,ACH-001460,IL1R1_HUMAN,0.1243281350022017,
Cancer,2.0,,ACH-000592,IL1R1_HUMAN,2.4802651220544627,
Cancer,2.0,,ACH-001192,IL1R1_HUMAN,0.1634987322828795,
Cancer,2.0,,ACH-000045,IL1R1_HUMAN,0.0285691521967709,
Cancer,2.0,,ACH-000741,IL1R1_HUMAN,1.495695162624069,
Cancer,2.0,,ACH-000912,IL1R1_HUMAN,0.0840642647884745,
Cancer,2.0,,ACH-000529,IL1R1_HUMAN,5.482525640767917,
Cancer,2.0,,ACH-000508,IL1R1_HUMAN,0.0565835283663675,
Cancer,2.0,,ACH-000577,IL1R1_HUMAN,5.316869805064333,
Cancer,2.0,,ACH-000768,IL1R1_HUMAN,2.596935142387232,
Cancer,2.0,,ACH-000636,IL1R1_HUMAN,0.2016338611696504,
Cancer,2.0,,ACH-000667,IL1R1_HUMAN,1.992768430768924,
Cancer,2.0,,ACH-000905,IL1R1_HUMAN,2.994579724215748,
Cancer,2.0,,ACH-001494,IL1R1_HUMAN,1.8875252707415875,
Cancer,2.0,,ACH-000387,IL1R1_HUMAN,1.726831217032493,
Cancer,2.0,,ACH-002510,IL1R1_HUMAN,1.097610796626422,
Cancer,2.0,,ACH-001303,IL1R1_HUMAN,0.3561438102252753,
Cancer,2.0,,ACH-000026,IL1R1_HUMAN,2.1473066987802936,
Cancer,2.0,,ACH-000838,IL1R1_HUMAN,0.1110313123887439,
Cancer,2.0,,ACH-001172,IL1R1_HUMAN,4.028569152196771,
Cancer,2.0,,ACH-000822,IL1R1_HUMAN,2.454175893185802,
Cancer,2.0,,ACH-000531,IL1R1_HUMAN,3.9717734471933728,
Cancer,2.0,,ACH-000349,IL1R1_HUMAN,6.557348817524803,
Cancer,2.0,,ACH-000527,IL1R1_HUMAN,1.6599245584023783,
Cancer,2.0,,ACH-000279,IL1R1_HUMAN,0.1110313123887439,
Cancer,2.0,,ACH-000516,IL1R1_HUMAN,2.9392265777282085,
Cancer,2.0,,ACH-000812,IL1R1_HUMAN,3.3978029618624896,
Cancer,2.0,,ACH-001300,IL1R1_HUMAN,0.1634987322828795,
Cancer,2.0,,ACH-000524,IL1R1_HUMAN,5.836176624809224,
Cancer,2.0,,ACH-000611,IL1R1_HUMAN,0.1634987322828795,
Cancer,2.0,,ACH-000411,IL1R1_HUMAN,2.2078928516413328,
Cancer,2.0,,ACH-000718,IL1R1_HUMAN,2.2448870591235344,
Cancer,2.0,,ACH-000903,IL1R1_HUMAN,3.6915341649192,
Cancer,2.0,,ACH-002021,IL1R1_HUMAN,3.5046203924035524,
Cancer,2.0,,ACH-000433,IL1R1_HUMAN,2.572889668420581,
Cancer,2.0,,ACH-000499,IL1R1_HUMAN,0.0565835283663675,
Cancer,2.0,,ACH-000278,IL1R1_HUMAN,1.8718436485093173,
Cancer,2.0,,ACH-000202,IL1R1_HUMAN,0.2141248053528473,
Cancer,2.0,,ACH-001736,IL1R1_HUMAN,0.01435529297707,
Cancer,2.0,,ACH-001379,IL1R1_HUMAN,1.4750848829487828,
Cancer,2.0,,ACH-000128,IL1R1_HUMAN,1.6599245584023783,
Cancer,2.0,,ACH-000696,IL1R1_HUMAN,1.4750848829487828,
Cancer,2.0,,ACH-000041,IL1R1_HUMAN,0.2141248053528473,
Cancer,2.0,,ACH-000214,IL1R1_HUMAN,4.630521963471638,
Cancer,2.0,,ACH-000747,IL1R1_HUMAN,1.8914191868460783,
Cancer,2.0,,ACH-001307,IL1R1_HUMAN,0.6507645591169022,
Cancer,2.0,,ACH-000341,IL1R1_HUMAN,0.070389327891398,
Cancer,2.0,,ACH-001740,IL1R1_HUMAN,0.2986583155645151,
Cancer,2.0,,ACH-000417,IL1R1_HUMAN,1.765534746362977,
Cancer,2.0,,ACH-000120,IL1R1_HUMAN,1.9297909977185967,
Cancer,2.0,,ACH-001694,IL1R1_HUMAN,2.575312330687437,
Cancer,2.0,,ACH-001542,IL1R1_HUMAN,1.1763227726404628,
Cancer,2.0,,ACH-002509,IL1R1_HUMAN,3.3798981635246923,
Cancer,2.0,,ACH-000438,IL1R1_HUMAN,0.9107326619029126,
Cancer,2.0,,ACH-001366,IL1R1_HUMAN,0.0976107966264223,
Cancer,2.0,,ACH-000653,IL1R1_HUMAN,0.1243281350022017,
Cancer,2.0,,ACH-000839,IL1R1_HUMAN,2.070389327891398,
Cancer,2.0,,ACH-000673,IL1R1_HUMAN,6.215290305651234,
Cancer,2.0,,ACH-001524,IL1R1_HUMAN,5.853496703702325,
Cancer,2.0,,ACH-000069,IL1R1_HUMAN,0.1763227726404629,
Cancer,2.0,,ACH-000323,IL1R1_HUMAN,6.282254452010578,
Cancer,2.0,,ACH-000021,IL1R1_HUMAN,1.9745293124838816,
Cancer,2.0,,ACH-001863,IL1R1_HUMAN,0.4750848829487828,
Cancer,2.0,,ACH-000980,IL1R1_HUMAN,0.1890338243900171,
Cancer,2.0,,ACH-000106,IL1R1_HUMAN,2.541019153133559,
Cancer,2.0,,ACH-000734,IL1R1_HUMAN,3.277984747299765,
Cancer,2.0,,ACH-000845,IL1R1_HUMAN,2.3950627995175777,
Cancer,2.0,,ACH-001982,IL1R1_HUMAN,2.646162657157894,
Cancer,2.0,,ACH-000730,IL1R1_HUMAN,0.2016338611696504,
Cancer,2.0,,ACH-001334,IL1R1_HUMAN,2.513490745588118,
Cancer,2.0,,ACH-000698,IL1R1_HUMAN,2.408711861029429,
Cancer,2.0,,ACH-000802,IL1R1_HUMAN,2.469885976274464,
Cancer,2.0,,ACH-001836,IL1R1_HUMAN,2.786596361890807,
Cancer,2.0,,ACH-000573,IL1R1_HUMAN,3.2448870591235344,
Cancer,2.0,,ACH-001699,IL1R1_HUMAN,6.209843230525496,
Cancer,2.0,,ACH-000963,IL1R1_HUMAN,0.0285691521967709,
Cancer,2.0,,ACH-001567,IL1R1_HUMAN,0.4956951626240688,
Cancer,2.0,,ACH-001653,IL1R1_HUMAN,0.5360529002402097,
Cancer,2.0,,ACH-000852,IL1R1_HUMAN,2.364572432295856,
Cancer,2.0,,ACH-001862,IL1R1_HUMAN,0.0426443374084937,
Cancer,2.0,,ACH-000661,IL1R1_HUMAN,1.933572638261024,
Cancer,2.0,,ACH-001500,IL1R1_HUMAN,1.6599245584023783,
Cancer,2.0,,ACH-001190,IL1R1_HUMAN,1.7311832415722,
Cancer,2.0,,ACH-002467,IL1R1_HUMAN,1.5008020530571575,
Cancer,2.0,,ACH-000448,IL1R1_HUMAN,2.358958825832329,
Cancer,2.0,,ACH-000932,IL1R1_HUMAN,0.411426245726465,
Cancer,2.0,,ACH-000783,IL1R1_HUMAN,3.912649864897204,
Cancer,2.0,,ACH-002044,IL1R1_HUMAN,0.7739963251111731,
Cancer,2.0,,ACH-000301,IL1R1_HUMAN,0.5160151470036647,
Cancer,2.0,,ACH-002459,IL1R1_HUMAN,2.752748591407134,
Cancer,2.0,,ACH-000976,IL1R1_HUMAN,0.8155754288625725,
Cancer,2.0,,ACH-001516,IL1R1_HUMAN,0.01435529297707,
Cancer,2.0,,ACH-001354,IL1R1_HUMAN,0.01435529297707,
Cancer,2.0,,ACH-001645,IL1R1_HUMAN,1.372952097911829,
Cancer,2.0,,ACH-000867,IL1R1_HUMAN,0.963474123974886,
Cancer,2.0,,ACH-000304,IL1R1_HUMAN,3.089159131911238,
Cancer,2.0,,ACH-002069,IL1R1_HUMAN,4.478971805032942,
Cancer,2.0,,ACH-000931,IL1R1_HUMAN,0.2750070474998698,
Cancer,2.0,,ACH-001374,IL1R1_HUMAN,0.070389327891398,
Cancer,2.0,,ACH-000302,IL1R1_HUMAN,4.4269356196483365,
Cancer,2.0,,ACH-000305,IL1R1_HUMAN,3.0143552929770703,
Cancer,2.0,,ACH-000072,IL1R1_HUMAN,1.298658315564515,
Cancer,2.0,,ACH-000766,IL1R1_HUMAN,3.584962500721156,
Cancer,2.0,,ACH-000533,IL1R1_HUMAN,3.710393192170516,
Cancer,2.0,,ACH-000343,IL1R1_HUMAN,1.752748591407134,
Cancer,2.0,,ACH-000171,IL1R1_HUMAN,2.7484612330040354,
Cancer,2.0,,ACH-000173,IL1R1_HUMAN,5.186659017202113,
Cancer,2.0,,ACH-000535,IL1R1_HUMAN,2.277984747299765,
Cancer,2.0,,ACH-000774,IL1R1_HUMAN,2.114367024952,
Cancer,2.0,,ACH-000178,IL1R1_HUMAN,0.5160151470036647,
Cancer,2.0,,ACH-001306,IL1R1_HUMAN,3.1176950426697547,
Cancer,2.0,,ACH-000994,IL1R1_HUMAN,1.761285273361619,
Cancer,2.0,,ACH-001188,IL1R1_HUMAN,0.0,
Cancer,2.0,,ACH-000372,IL1R1_HUMAN,0.2750070474998698,
Cancer,2.0,,ACH-000804,IL1R1_HUMAN,0.0565835283663675,
Cancer,2.0,,ACH-000011,IL1R1_HUMAN,2.992768430768924,
Cancer,2.0,,ACH-000733,IL1R1_HUMAN,1.9745293124838816,
Cancer,2.0,,ACH-001603,IL1R1_HUMAN,0.0840642647884745,
Cancer,2.0,,ACH-000829,IL1R1_HUMAN,0.0285691521967709,
Cancer,2.0,,ACH-000141,IL1R1_HUMAN,0.7570232465074596,
Cancer,2.0,,ACH-000810,IL1R1_HUMAN,0.0565835283663675,
Cancer,2.0,,ACH-001145,IL1R1_HUMAN,2.657640005207824,
Cancer,2.0,,ACH-000717,IL1R1_HUMAN,3.0,
Cancer,2.0,,ACH-000738,IL1R1_HUMAN,1.3950627995175775,
Cancer,2.0,,ACH-001843,IL1R1_HUMAN,4.570462931026041,
Cancer,2.0,,ACH-000780,IL1R1_HUMAN,0.01435529297707,
Cancer,2.0,,ACH-001548,IL1R1_HUMAN,0.0840642647884745,
Cancer,2.0,,ACH-000759,IL1R1_HUMAN,2.353323291162897,
Cancer,2.0,,ACH-001555,IL1R1_HUMAN,1.0772429989324606,
Cancer,2.0,,ACH-001369,IL1R1_HUMAN,1.9068905956085185,
Cancer,2.0,,ACH-000969,IL1R1_HUMAN,0.2868811477881615,
Cancer,2.0,,ACH-000873,IL1R1_HUMAN,0.5753123306874368,
Cancer,2.0,,ACH-001275,IL1R1_HUMAN,4.604664415163704,
Cancer,2.0,,ACH-000921,IL1R1_HUMAN,2.803227036434928,
Cancer,2.0,,ACH-001373,IL1R1_HUMAN,4.643278996311979,
Cancer,2.0,,ACH-002800,IL1R1_HUMAN,5.616475328782878,
Cancer,2.0,,ACH-001022,IL1R1_HUMAN,0.1634987322828795,
Cancer,2.0,,ACH-000082,IL1R1_HUMAN,5.997969782267101,
Cancer,2.0,,ACH-000488,IL1R1_HUMAN,1.15704371014558,
Cancer,2.0,,ACH-000790,IL1R1_HUMAN,0.1763227726404629,
Cancer,2.0,,ACH-000172,IL1R1_HUMAN,0.2868811477881615,
Cancer,2.0,,ACH-000647,IL1R1_HUMAN,3.565597175854225,
Cancer,2.0,,ACH-000602,IL1R1_HUMAN,0.0565835283663675,
Cancer,2.0,,ACH-000156,IL1R1_HUMAN,0.1110313123887439,
Cancer,2.0,,ACH-002001,IL1R1_HUMAN,0.4646682670034443,
Cancer,2.0,,ACH-000315,IL1R1_HUMAN,0.01435529297707,
Cancer,2.0,,ACH-002446,IL1R1_HUMAN,3.377123749129487,
Cancer,2.0,,ACH-000201,IL1R1_HUMAN,7.33404976759958,
Cancer,2.0,,ACH-000435,IL1R1_HUMAN,1.6644828403646823,
Cancer,2.0,,ACH-000965,IL1R1_HUMAN,2.104336659814736,
Cancer,2.0,,ACH-001550,IL1R1_HUMAN,2.570462931026041,
Cancer,2.0,,ACH-002026,IL1R1_HUMAN,0.8718436485093178,
Cancer,2.0,,ACH-000883,IL1R1_HUMAN,3.997292407636508,
Cancer,2.0,,ACH-000482,IL1R1_HUMAN,5.482848283068465,
Cancer,2.0,,ACH-000450,IL1R1_HUMAN,0.4854268271702416,
Cancer,2.0,,ACH-000835,IL1R1_HUMAN,2.541019153133559,
Cancer,2.0,,ACH-001802,IL1R1_HUMAN,2.2078928516413328,
Cancer,2.0,,ACH-000629,IL1R1_HUMAN,0.0426443374084937,
Cancer,2.0,,ACH-000715,IL1R1_HUMAN,2.097610796626422,
Cancer,2.0,,ACH-000870,IL1R1_HUMAN,0.2868811477881615,
Cancer,2.0,,ACH-000874,IL1R1_HUMAN,0.0976107966264223,
Cancer,2.0,,ACH-000910,IL1R1_HUMAN,7.535042037799222,
Cancer,2.0,,ACH-000779,IL1R1_HUMAN,2.5160151470036647,
Cancer,2.0,,ACH-000140,IL1R1_HUMAN,0.1243281350022017,
Cancer,2.0,,ACH-001196,IL1R1_HUMAN,0.1243281350022017,
Cancer,2.0,,ACH-001484,IL1R1_HUMAN,2.19534759832222,
Cancer,2.0,,ACH-000693,IL1R1_HUMAN,0.1243281350022017,
Cancer,2.0,,ACH-000811,IL1R1_HUMAN,5.2761244052742375,
Cancer,2.0,,ACH-000101,IL1R1_HUMAN,0.070389327891398,
Cancer,2.0,,ACH-000423,IL1R1_HUMAN,1.655351828612554,
Cancer,2.0,,ACH-000290,IL1R1_HUMAN,0.0426443374084937,
Cancer,2.0,,ACH-000492,IL1R1_HUMAN,0.0426443374084937,
Cancer,2.0,,ACH-001519,IL1R1_HUMAN,0.5849625007211562,
Cancer,2.0,,ACH-000110,IL1R1_HUMAN,2.927896453728821,
Cancer,2.0,,ACH-001497,IL1R1_HUMAN,0.7398481026993274,
Cancer,2.0,,ACH-000102,IL1R1_HUMAN,4.392317422778761,
Cancer,2.0,,ACH-000817,IL1R1_HUMAN,0.0285691521967709,
Cancer,2.0,,ACH-001556,IL1R1_HUMAN,0.2509615735332188,
Cancer,2.0,,ACH-000964,IL1R1_HUMAN,0.0565835283663675,
Cancer,2.0,,ACH-000378,IL1R1_HUMAN,3.326249700837456,
Cancer,2.0,,ACH-000913,IL1R1_HUMAN,3.5570424152637194,
Cancer,2.0,,ACH-000575,IL1R1_HUMAN,2.853995647176393,
Cancer,2.0,,ACH-000634,IL1R1_HUMAN,3.9001422603598166,
Cancer,2.0,,ACH-001322,IL1R1_HUMAN,0.5260688116675876,
Cancer,2.0,,ACH-000767,IL1R1_HUMAN,0.3103401206121505,
Cancer,2.0,,ACH-001642,IL1R1_HUMAN,4.7713574089905615,
Cancer,2.0,,ACH-001552,IL1R1_HUMAN,4.482848283068465,
Cancer,2.0,,ACH-000451,IL1R1_HUMAN,3.523561956057013,
Cancer,2.0,,ACH-000879,IL1R1_HUMAN,2.956056652412403,
Cancer,2.0,,ACH-001842,IL1R1_HUMAN,3.320484678017693,
Cancer,2.0,,ACH-001032,IL1R1_HUMAN,0.0976107966264223,
Cancer,2.0,,ACH-000982,IL1R1_HUMAN,0.5260688116675876,
Cancer,2.0,,ACH-001636,IL1R1_HUMAN,0.0,
Cancer,2.0,,ACH-000189,IL1R1_HUMAN,0.8639384504239714,
Cancer,2.0,,ACH-000454,IL1R1_HUMAN,0.3448284969974411,
Cancer,2.0,,ACH-000131,IL1R1_HUMAN,3.949534933017012,
Cancer,2.0,,ACH-000660,IL1R1_HUMAN,0.2141248053528473,
Cancer,2.0,,ACH-001197,IL1R1_HUMAN,0.01435529297707,
Cancer,2.0,,ACH-000915,IL1R1_HUMAN,0.84799690655495,
Cancer,2.0,,ACH-000480,IL1R1_HUMAN,3.2957230245399685,
Cancer,2.0,,ACH-000745,IL1R1_HUMAN,0.0426443374084937,
Cancer,2.0,,ACH-000161,IL1R1_HUMAN,2.5185351389821804,
Cancer,2.0,,ACH-000395,IL1R1_HUMAN,1.726831217032493,
Cancer,2.0,,ACH-001459,IL1R1_HUMAN,0.0565835283663675,
Cancer,2.0,,ACH-000916,IL1R1_HUMAN,2.963474123974886,
Cancer,2.0,,ACH-001609,IL1R1_HUMAN,5.062208077560245,
Cancer,2.0,,ACH-001960,IL1R1_HUMAN,0.0,
Cancer,2.0,,ACH-001856,IL1R1_HUMAN,2.189033824390017,
Cancer,2.0,,ACH-000295,IL1R1_HUMAN,0.4222330006830478,
Cancer,2.0,,ACH-001485,IL1R1_HUMAN,3.0513721017210256,
Cancer,2.0,,ACH-000292,IL1R1_HUMAN,1.2203299548795556,
Cancer,2.0,,ACH-000137,IL1R1_HUMAN,4.412781525338476,
Cancer,2.0,,ACH-000308,IL1R1_HUMAN,2.2357270598380583,
Cancer,2.0,,ACH-000445,IL1R1_HUMAN,1.82781902461732,
Cancer,2.0,,ACH-001229,IL1R1_HUMAN,1.922197848396367,
Cancer,2.0,,ACH-000144,IL1R1_HUMAN,1.7048719644563528,
Cancer,2.0,,ACH-000837,IL1R1_HUMAN,1.7092906357233577,
Cancer,2.0,,ACH-000048,IL1R1_HUMAN,0.1243281350022017,
Cancer,2.0,,ACH-000463,IL1R1_HUMAN,2.6982184782244136,
Cancer,2.0,,ACH-000881,IL1R1_HUMAN,0.3561438102252753,
Cancer,2.0,,ACH-000388,IL1R1_HUMAN,0.01435529297707,
Cancer,2.0,,ACH-001992,IL1R1_HUMAN,3.127633279725874,
Cancer,2.0,,ACH-000147,IL1R1_HUMAN,3.232660756790275,
Cancer,2.0,,ACH-000930,IL1R1_HUMAN,4.292045492492862,
Cancer,2.0,,ACH-000899,IL1R1_HUMAN,1.4646682670034443,
Cancer,2.0,,ACH-000366,IL1R1_HUMAN,0.0426443374084937,
Cancer,2.0,,ACH-001526,IL1R1_HUMAN,6.080018029089175,
Cancer,2.0,,ACH-000064,IL1R1_HUMAN,2.1243281350022016,
Cancer,2.0,,ACH-001329,IL1R1_HUMAN,2.8579809951275723,
Cancer,2.0,,ACH-000418,IL1R1_HUMAN,4.501439145158873,
Cancer,2.0,,ACH-001280,IL1R1_HUMAN,0.4436066514756146,
Cancer,2.0,,ACH-000861,IL1R1_HUMAN,4.1586601753464985,
Cancer,2.0,,ACH-000692,IL1R1_HUMAN,4.157852169141737,
Cancer,2.0,,ACH-000107,IL1R1_HUMAN,1.3895668117627256,
Cancer,2.0,,ACH-000133,IL1R1_HUMAN,3.7037651787934096,
Cancer,2.0,,ACH-000306,IL1R1_HUMAN,4.774523529590232,
Cancer,2.0,,ACH-001530,IL1R1_HUMAN,3.854993016757,
Cancer,2.0,,ACH-000651,IL1R1_HUMAN,0.1763227726404629,
Cancer,2.0,,ACH-000563,IL1R1_HUMAN,0.9855004303048848,
Cancer,2.0,,ACH-000058,IL1R1_HUMAN,6.376602951924786,
Cancer,2.0,,ACH-000345,IL1R1_HUMAN,0.4646682670034443,
Cancer,2.0,,ACH-000316,IL1R1_HUMAN,4.605257262939004,
Cancer,2.0,,ACH-000884,IL1R1_HUMAN,0.2986583155645151,
Cancer,2.0,,ACH-000289,IL1R1_HUMAN,2.4276061727818994,
Cancer,2.0,,ACH-001451,IL1R1_HUMAN,3.430285272977781,
Cancer,2.0,,ACH-000355,IL1R1_HUMAN,0.0285691521967709,
Cancer,2.0,,ACH-000962,IL1R1_HUMAN,2.0669502439246266,
Cancer,2.0,,ACH-000473,IL1R1_HUMAN,0.5945485495503542,
Cancer,2.0,,ACH-000192,IL1R1_HUMAN,6.50747752951693,
Cancer,2.0,,ACH-001624,IL1R1_HUMAN,1.1763227726404628,
Cancer,2.0,,ACH-001807,IL1R1_HUMAN,5.432625411432297,
Cancer,2.0,,ACH-002466,IL1R1_HUMAN,0.8073549220576041,
Cancer,2.0,,ACH-001344,IL1R1_HUMAN,7.526929538225988,
Cancer,2.0,,ACH-000757,IL1R1_HUMAN,1.3448284969974411,
Cancer,2.0,,ACH-000054,IL1R1_HUMAN,0.8718436485093178,
Cancer,2.0,,ACH-001318,IL1R1_HUMAN,4.57228336665041,
Cancer,2.0,,ACH-000601,IL1R1_HUMAN,4.608809242675524,
Cancer,2.0,,ACH-000635,IL1R1_HUMAN,6.323910438019789,
Cancer,2.0,,ACH-001857,IL1R1_HUMAN,3.927896453728821,
Cancer,2.0,,ACH-000966,IL1R1_HUMAN,2.111031312388744,
Cancer,2.0,,ACH-000630,IL1R1_HUMAN,5.77162151792327,
Cancer,2.0,,ACH-000225,IL1R1_HUMAN,0.1763227726404629,
Cancer,2.0,,ACH-000657,IL1R1_HUMAN,0.5459683691052926,
Cancer,2.0,,ACH-000624,IL1R1_HUMAN,0.5753123306874368,
Cancer,2.0,,ACH-000699,IL1R1_HUMAN,4.802710219291343,
Cancer,2.0,,ACH-000923,IL1R1_HUMAN,0.01435529297707,
Cancer,2.0,,ACH-000687,IL1R1_HUMAN,0.1505596765753814,
Cancer,2.0,,ACH-000044,IL1R1_HUMAN,5.882398504053875,
Cancer,2.0,,ACH-000740,IL1R1_HUMAN,2.587364990936461,
Cancer,2.0,,ACH-000447,IL1R1_HUMAN,4.503984703897613,
Cancer,2.0,,ACH-001416,IL1R1_HUMAN,3.132576842670008,
Cancer,2.0,,ACH-000319,IL1R1_HUMAN,2.671293372481576,
Cancer,2.0,,ACH-000198,IL1R1_HUMAN,0.070389327891398,
Cancer,2.0,,ACH-000280,IL1R1_HUMAN,2.316145742293356,
Cancer,2.0,,ACH-000104,IL1R1_HUMAN,0.0976107966264223,
Cancer,2.0,,ACH-001835,IL1R1_HUMAN,4.197708157955851,
Cancer,2.0,,ACH-000892,IL1R1_HUMAN,3.241840183564671,
Cancer,2.0,,ACH-000493,IL1R1_HUMAN,4.05484847699562,
Cancer,2.0,,ACH-000042,IL1R1_HUMAN,1.1309308698264486,
Cancer,2.0,,ACH-002045,IL1R1_HUMAN,1.0214797274104517,
Cancer,2.0,,ACH-000221,IL1R1_HUMAN,0.5945485495503542,
Cancer,2.0,,ACH-000093,IL1R1_HUMAN,1.6088092426755238,
Cancer,2.0,,ACH-000477,IL1R1_HUMAN,1.922197848396367,
Cancer,2.0,,ACH-000746,IL1R1_HUMAN,2.1667154449664223,
Cancer,2.0,,ACH-000356,IL1R1_HUMAN,0.4329594072761063,
Cancer,2.0,,ACH-000457,IL1R1_HUMAN,2.673556423990145,
Cancer,2.0,,ACH-000904,IL1R1_HUMAN,0.1243281350022017,
Cancer,2.0,,ACH-000244,IL1R1_HUMAN,4.643856189774724,
Cancer,2.0,,ACH-000610,IL1R1_HUMAN,0.0285691521967709,
Cancer,2.0,,ACH-000081,IL1R1_HUMAN,0.1505596765753814,
Cancer,2.0,,ACH-000255,IL1R1_HUMAN,3.889473542531109,
Cancer,2.0,,ACH-001038,IL1R1_HUMAN,0.01435529297707,
Cancer,2.0,,ACH-000352,IL1R1_HUMAN,0.5360529002402097,
Cancer,2.0,,ACH-002016,IL1R1_HUMAN,2.606442228131608,
Cancer,2.0,,ACH-000416,IL1R1_HUMAN,3.3909427728025427,
Cancer,2.0,,ACH-000752,IL1R1_HUMAN,4.977279923499917,
Cancer,2.0,,ACH-000862,IL1R1_HUMAN,2.845991770664573,
Cancer,2.0,,ACH-000236,IL1R1_HUMAN,0.1890338243900171,
Cancer,2.0,,ACH-000401,IL1R1_HUMAN,2.16349873228288,
Cancer,2.0,,ACH-000731,IL1R1_HUMAN,4.07724299893246,
Cancer,2.0,,ACH-000875,IL1R1_HUMAN,2.0,
Cancer,2.0,,ACH-000626,IL1R1_HUMAN,0.3219280948873623,
Cancer,2.0,,ACH-000593,IL1R1_HUMAN,0.3334237337251918,
Cancer,2.0,,ACH-000182,IL1R1_HUMAN,3.319039815562536,
Cancer,2.0,,ACH-000442,IL1R1_HUMAN,3.0426443374084937,
Cancer,2.0,,ACH-000159,IL1R1_HUMAN,4.739308070860385,
Cancer,2.0,,ACH-000907,IL1R1_HUMAN,3.974529312483882,
Cancer,2.0,,ACH-000191,IL1R1_HUMAN,3.606442228131608,
Cancer,2.0,,ACH-000205,IL1R1_HUMAN,1.3045110418099528,
Cancer,2.0,,ACH-000103,IL1R1_HUMAN,4.7755773609306535,
Cancer,2.0,,ACH-000739,IL1R1_HUMAN,4.33199177823206,
Cancer,2.0,,ACH-001558,IL1R1_HUMAN,2.5801454844233804,
Cancer,2.0,,ACH-000206,IL1R1_HUMAN,0.0,
Cancer,2.0,,ACH-000841,IL1R1_HUMAN,3.1731274334806563,
Cancer,2.0,,ACH-000615,IL1R1_HUMAN,0.5655971758542251,
Cancer,2.0,,ACH-001613,IL1R1_HUMAN,0.1505596765753814,
Cancer,2.0,,ACH-001608,IL1R1_HUMAN,4.1034976397033365,
Cancer,2.0,,ACH-000801,IL1R1_HUMAN,0.6040713236688608,
Cancer,2.0,,ACH-000539,IL1R1_HUMAN,5.053980168187652,
Cancer,2.0,,ACH-000464,IL1R1_HUMAN,3.689299160535892,
Cancer,2.0,,ACH-000622,IL1R1_HUMAN,0.6507645591169022,
Cancer,2.0,,ACH-000452,IL1R1_HUMAN,2.104336659814736,
Cancer,2.0,,ACH-001390,IL1R1_HUMAN,1.1763227726404628,
Cancer,2.0,,ACH-001401,IL1R1_HUMAN,0.1634987322828795,
Cancer,2.0,,ACH-000365,IL1R1_HUMAN,0.0426443374084937,
Cancer,2.0,,ACH-001431,IL1R1_HUMAN,0.0,
Cancer,2.0,,ACH-000475,IL1R1_HUMAN,4.561937059622433,
Cancer,2.0,,ACH-000860,IL1R1_HUMAN,1.0071955014042038,
Cancer,2.0,,ACH-000074,IL1R1_HUMAN,0.8559896973084807,
Cancer,2.0,,ACH-000377,IL1R1_HUMAN,1.5897634869849773,
Cancer,2.0,,ACH-001562,IL1R1_HUMAN,4.604071323668861,
Cancer,2.0,,ACH-000259,IL1R1_HUMAN,0.0565835283663675,
Cancer,2.0,,ACH-001388,IL1R1_HUMAN,1.4854268271702415,
Cancer,2.0,,ACH-001410,IL1R1_HUMAN,2.263034405833794,
Cancer,2.0,,ACH-002025,IL1R1_HUMAN,0.6229303509201767,
Cancer,2.0,,ACH-000720,IL1R1_HUMAN,4.1945598860226125,
Cancer,2.0,,ACH-000095,IL1R1_HUMAN,0.0,
Cancer,2.0,,ACH-001345,IL1R1_HUMAN,0.1634987322828795,
Cancer,2.0,,ACH-000558,IL1R1_HUMAN,1.3391373849195856,
Cancer,2.0,,ACH-000664,IL1R1_HUMAN,4.6904170955324656,
Cancer,2.0,,ACH-000177,IL1R1_HUMAN,0.1763227726404629,
Cancer,2.0,,ACH-000335,IL1R1_HUMAN,2.090853430451113,
Cancer,2.0,,ACH-000940,IL1R1_HUMAN,3.0268000593437154,
Cancer,2.0,,ACH-000631,IL1R1_HUMAN,3.1342209397606338,
Cancer,2.0,,ACH-000207,IL1R1_HUMAN,3.3291235962915664,
Cancer,2.0,,ACH-000764,IL1R1_HUMAN,3.57773093149008,
Cancer,2.0,,ACH-000995,IL1R1_HUMAN,0.0285691521967709,
Cancer,2.0,,ACH-000373,IL1R1_HUMAN,0.3895668117627256,
Cancer,2.0,,ACH-000953,IL1R1_HUMAN,0.1505596765753814,
Cancer,2.0,,ACH-000709,IL1R1_HUMAN,2.82781902461732,
Cancer,2.0,,ACH-000846,IL1R1_HUMAN,0.5260688116675876,
Cancer,2.0,,ACH-001702,IL1R1_HUMAN,5.0192571186810815,
Cancer,2.0,,ACH-000333,IL1R1_HUMAN,1.2868811477881614,
Cancer,2.0,,ACH-002059,IL1R1_HUMAN,0.0,
Cancer,2.0,,ACH-000929,IL1R1_HUMAN,1.5558161550616396,
Cancer,2.0,,ACH-001395,IL1R1_HUMAN,3.426264754702098,
Cancer,2.0,,ACH-000948,IL1R1_HUMAN,0.879705766282288,
Cancer,2.0,,ACH-002015,IL1R1_HUMAN,3.27500704749987,
Cancer,2.0,,ACH-000981,IL1R1_HUMAN,0.3895668117627256,
Cancer,2.0,,ACH-000617,IL1R1_HUMAN,5.592457037268081,
Cancer,2.0,,ACH-000311,IL1R1_HUMAN,1.480265122054463,
Cancer,2.0,,ACH-001210,IL1R1_HUMAN,3.158660175346498,
Cancer,2.0,,ACH-001834,IL1R1_HUMAN,4.475733430966398,
Cancer,2.0,,ACH-000390,IL1R1_HUMAN,1.6276068381296498,
Cancer,2.0,,ACH-000468,IL1R1_HUMAN,0.5945485495503542,
Cancer,2.0,,ACH-001061,IL1R1_HUMAN,1.2141248053528475,
Cancer,2.0,,ACH-000077,IL1R1_HUMAN,0.1634987322828795,
Cancer,2.0,,ACH-000456,IL1R1_HUMAN,4.569248029867182,
Cancer,2.0,,ACH-000496,IL1R1_HUMAN,4.888499735514123,
Cancer,2.0,,ACH-002512,IL1R1_HUMAN,0.4854268271702416,
Cancer,2.0,,ACH-000062,IL1R1_HUMAN,4.473137487772256,
Cancer,2.0,,ACH-002464,IL1R1_HUMAN,3.6322682154995127,
Cancer,2.0,,ACH-000088,IL1R1_HUMAN,4.681449265314958,
Cancer,2.0,,ACH-000536,IL1R1_HUMAN,4.270528942380718,
Cancer,2.0,,ACH-000071,IL1R1_HUMAN,4.748461233004035,
Cancer,2.0,,ACH-002004,IL1R1_HUMAN,2.035623909730721,
Cancer,2.0,,ACH-000878,IL1R1_HUMAN,2.693765712217783,
Cancer,2.0,,ACH-001380,IL1R1_HUMAN,0.5558161550616396,
Cancer,2.0,,ACH-002061,IL1R1_HUMAN,0.2265085298086797,
Cancer,2.0,,ACH-000385,IL1R1_HUMAN,4.111865963867557,
Cancer,2.0,,ACH-000412,IL1R1_HUMAN,0.3673710656485294,
Cancer,2.0,,ACH-000427,IL1R1_HUMAN,1.144046369616707,
Cancer,2.0,,ACH-000938,IL1R1_HUMAN,0.137503523749935,
Cancer,2.0,,ACH-000462,IL1R1_HUMAN,0.2868811477881615,
Cancer,2.0,,ACH-000939,IL1R1_HUMAN,4.4886435398537845,
Cancer,2.0,,ACH-000325,IL1R1_HUMAN,3.0107798387532423,
Cancer,2.0,,ACH-000515,IL1R1_HUMAN,0.01435529297707,
Cancer,2.0,,ACH-001033,IL1R1_HUMAN,0.8155754288625725,
Cancer,2.0,,ACH-000919,IL1R1_HUMAN,0.2387868595871164,
Cancer,2.0,,ACH-000863,IL1R1_HUMAN,1.3617683594191536,
Cancer,2.0,,ACH-000642,IL1R1_HUMAN,1.5753123306874368,
Cancer,2.0,,ACH-000581,IL1R1_HUMAN,1.9068905956085185,
Cancer,2.0,,ACH-001050,IL1R1_HUMAN,1.2016338611696504,
Cancer,2.0,,ACH-001818,IL1R1_HUMAN,6.246027980528104,
Cancer,2.0,,ACH-001384,IL1R1_HUMAN,2.0461417816447205,
Cancer,2.0,,ACH-000797,IL1R1_HUMAN,4.961623328286945,
Cancer,2.0,,ACH-000220,IL1R1_HUMAN,0.0565835283663675,
Cancer,2.0,,ACH-001533,IL1R1_HUMAN,0.0,
Cancer,2.0,,ACH-000827,IL1R1_HUMAN,4.88410945135923,
Cancer,2.0,,ACH-000961,IL1R1_HUMAN,4.38404980679516,
Cancer,2.0,,ACH-000778,IL1R1_HUMAN,1.7311832415722,
Cancer,2.0,,ACH-000825,IL1R1_HUMAN,2.495695162624069,
Cancer,2.0,,ACH-000743,IL1R1_HUMAN,0.070389327891398,
Cancer,2.0,,ACH-000190,IL1R1_HUMAN,4.931683057059805,
Cancer,2.0,,ACH-001819,IL1R1_HUMAN,1.790772037862,
Cancer,2.0,,ACH-000157,IL1R1_HUMAN,0.2509615735332188,
Cancer,2.0,,ACH-001786,IL1R1_HUMAN,0.8237493603082727,
Cancer,2.0,,ACH-000253,IL1R1_HUMAN,1.1890338243900171,
Cancer,2.0,,ACH-001376,IL1R1_HUMAN,2.4620523187964327,
Cancer,2.0,,ACH-000958,IL1R1_HUMAN,0.9107326619029126,
Cancer,2.0,,ACH-000228,IL1R1_HUMAN,3.400537929583729,
Cancer,2.0,,ACH-000266,IL1R1_HUMAN,2.62993940943954,
Cancer,2.0,,ACH-001750,IL1R1_HUMAN,2.643856189774725,
Cancer,2.0,,ACH-000174,IL1R1_HUMAN,0.7739963251111731,
Cancer,2.0,,ACH-000245,IL1R1_HUMAN,0.0565835283663675,
Cancer,2.0,,ACH-001279,IL1R1_HUMAN,0.6229303509201767,
Cancer,2.0,,ACH-000620,IL1R1_HUMAN,2.9616233282869446,
Cancer,2.0,,ACH-000813,IL1R1_HUMAN,0.8639384504239714,
Cancer,2.0,,ACH-001513,IL1R1_HUMAN,0.8559896973084807,
Cancer,2.0,,ACH-000168,IL1R1_HUMAN,0.9560566524124028,
Cancer,2.0,,ACH-000257,IL1R1_HUMAN,0.01435529297707,
Cancer,2.0,,ACH-000211,IL1R1_HUMAN,2.063502942306158,
Cancer,2.0,,ACH-000283,IL1R1_HUMAN,0.5945485495503542,
Cancer,2.0,,ACH-002041,IL1R1_HUMAN,4.268284666520996,
Cancer,2.0,,ACH-000987,IL1R1_HUMAN,0.6959938131099002,
Cancer,2.0,,ACH-000682,IL1R1_HUMAN,3.710393192170516,
Cancer,2.0,,ACH-000073,IL1R1_HUMAN,0.0976107966264223,
Cancer,2.0,,ACH-000212,IL1R1_HUMAN,1.6182386555954549,
Cancer,2.0,,ACH-000096,IL1R1_HUMAN,0.01435529297707,
Cancer,2.0,,ACH-001433,IL1R1_HUMAN,0.1110313123887439,
Cancer,2.0,,ACH-000063,IL1R1_HUMAN,6.427941332509482,
Cancer,2.0,,ACH-001999,IL1R1_HUMAN,0.6690267655096305,
Cancer,2.0,,ACH-000776,IL1R1_HUMAN,1.1375035237499351,
Cancer,2.0,,ACH-000521,IL1R1_HUMAN,3.23112515787905,
Cancer,2.0,,ACH-000025,IL1R1_HUMAN,3.76659516172927,
Cancer,2.0,,ACH-000591,IL1R1_HUMAN,4.121015400961366,
Cancer,2.0,,ACH-001716,IL1R1_HUMAN,0.0,
Cancer,2.0,,ACH-000833,IL1R1_HUMAN,1.6182386555954549,
Cancer,2.0,,ACH-001628,IL1R1_HUMAN,3.752748591407134,
Cancer,2.0,,ACH-000398,IL1R1_HUMAN,0.070389327891398,
Cancer,2.0,,ACH-000274,IL1R1_HUMAN,2.003602236680196,
Cancer,2.0,,ACH-001370,IL1R1_HUMAN,4.836429131161648,
Cancer,2.0,,ACH-000029,IL1R1_HUMAN,2.292781749227846,
Cancer,2.0,,ACH-001849,IL1R1_HUMAN,0.4222330006830478,
Cancer,2.0,,ACH-000644,IL1R1_HUMAN,0.7739963251111731,
Cancer,2.0,,ACH-001422,IL1R1_HUMAN,1.570462931026041,
Cancer,2.0,,ACH-000588,IL1R1_HUMAN,0.0285691521967709,
Cancer,2.0,,ACH-000849,IL1R1_HUMAN,2.327687364176047,
Cancer,2.0,,ACH-000219,IL1R1_HUMAN,0.3219280948873623,
Cancer,2.0,,ACH-000150,IL1R1_HUMAN,2.575312330687437,
Cancer,2.0,,ACH-001845,IL1R1_HUMAN,2.229587922740652,
Cancer,2.0,,ACH-000384,IL1R1_HUMAN,0.5753123306874368,
Cancer,2.0,,ACH-001053,IL1R1_HUMAN,0.0,
Cancer,2.0,,ACH-001274,IL1R1_HUMAN,2.4594316186372973,
Cancer,2.0,,ACH-000091,IL1R1_HUMAN,5.209843230525496,
Cancer,2.0,,ACH-002014,IL1R1_HUMAN,0.0,
Cancer,2.0,,ACH-001634,IL1R1_HUMAN,1.144046369616707,
Cancer,2.0,,ACH-000495,IL1R1_HUMAN,3.956985924612576,
Cancer,2.0,,ACH-000911,IL1R1_HUMAN,2.007195501404204,
Cancer,2.0,,ACH-000013,IL1R1_HUMAN,6.464341532761104,
Cancer,2.0,,ACH-000777,IL1R1_HUMAN,3.028569152196771,
Cancer,2.0,,ACH-001765,IL1R1_HUMAN,0.3895668117627256,
Cancer,2.0,,ACH-000312,IL1R1_HUMAN,0.3895668117627256,
Cancer,2.0,,ACH-000085,IL1R1_HUMAN,1.0356239097307212,
Cancer,2.0,,ACH-000436,IL1R1_HUMAN,0.070389327891398,
Cancer,2.0,,ACH-000869,IL1R1_HUMAN,2.0426443374084937,
Cancer,2.0,,ACH-000267,IL1R1_HUMAN,4.891905188211931,
Cancer,2.0,,ACH-000489,IL1R1_HUMAN,0.6780719051126377,
Cancer,2.0,,ACH-000431,IL1R1_HUMAN,0.0285691521967709,
Cancer,2.0,,ACH-000152,IL1R1_HUMAN,1.372952097911829,
Cancer,2.0,,ACH-000909,IL1R1_HUMAN,2.889473542531109,
Cancer,2.0,,ACH-000534,IL1R1_HUMAN,0.4646682670034443,
Cancer,2.0,,ACH-000582,IL1R1_HUMAN,0.3334237337251918,
Cancer,2.0,,ACH-000460,IL1R1_HUMAN,5.702934531975978,
Cancer,2.0,,ACH-000443,IL1R1_HUMAN,1.2570106182060237,
Cancer,2.0,,ACH-001570,IL1R1_HUMAN,0.5160151470036647,
Cancer,2.0,,ACH-000986,IL1R1_HUMAN,0.2016338611696504,
Cancer,2.0,,ACH-001335,IL1R1_HUMAN,2.8011586560936985,
Cancer,2.0,,ACH-000023,IL1R1_HUMAN,1.097610796626422,
Cancer,2.0,,ACH-002062,IL1R1_HUMAN,4.292045492492862,
Cancer,2.0,,ACH-002462,IL1R1_HUMAN,3.0686708106650986,
Cancer,2.0,,ACH-000151,IL1R1_HUMAN,0.1110313123887439,
Cancer,2.0,,ACH-001277,IL1R1_HUMAN,1.5753123306874368,
Cancer,2.0,,ACH-000607,IL1R1_HUMAN,0.1634987322828795,
Cancer,2.0,,ACH-000703,IL1R1_HUMAN,0.1110313123887439,
Cancer,2.0,,ACH-001211,IL1R1_HUMAN,0.0426443374084937,
Cancer,2.0,,ACH-001511,IL1R1_HUMAN,0.765534746362977,
Cancer,2.0,,ACH-000113,IL1R1_HUMAN,0.5849625007211562,
Cancer,2.0,,ACH-000337,IL1R1_HUMAN,2.2387868595871168,
Cancer,2.0,,ACH-000598,IL1R1_HUMAN,0.0565835283663675,
Cancer,2.0,,ACH-000057,IL1R1_HUMAN,0.070389327891398,
Cancer,2.0,,ACH-000281,IL1R1_HUMAN,1.2448870591235344,
Cancer,2.0,,ACH-000321,IL1R1_HUMAN,0.6415460290875237,
Cancer,2.0,,ACH-000985,IL1R1_HUMAN,0.2387868595871164,
Cancer,2.0,,ACH-000444,IL1R1_HUMAN,0.2630344058337938,
Cancer,2.0,,ACH-000347,IL1R1_HUMAN,0.9781956296816516,
Cancer,2.0,,ACH-001399,IL1R1_HUMAN,0.1890338243900171,
Cancer,2.0,,ACH-001097,IL1R1_HUMAN,0.0,
Cancer,2.0,,ACH-000127,IL1R1_HUMAN,0.5753123306874368,
Cancer,2.0,,ACH-001961,IL1R1_HUMAN,3.784503982929567,
Cancer,2.0,,ACH-001796,IL1R1_HUMAN,2.007195501404204,
Cancer,2.0,,ACH-000307,IL1R1_HUMAN,0.2141248053528473,
Cancer,2.0,,ACH-001030,IL1R1_HUMAN,0.070389327891398,
Cancer,2.0,,ACH-000595,IL1R1_HUMAN,3.049630767724601,
Cancer,2.0,,ACH-001540,IL1R1_HUMAN,3.2234225499349374,
Cancer,2.0,,ACH-000298,IL1R1_HUMAN,0.2016338611696504,
Cancer,2.0,,ACH-000771,IL1R1_HUMAN,1.7398481026993275,
Cancer,2.0,,ACH-000500,IL1R1_HUMAN,2.9068905956085187,
Cancer,2.0,,ACH-000353,IL1R1_HUMAN,2.263034405833794,
Cancer,2.0,,ACH-000363,IL1R1_HUMAN,0.0976107966264223,
Cancer,2.0,,ACH-000350,IL1R1_HUMAN,0.7570232465074596,
Cancer,2.0,,ACH-000053,IL1R1_HUMAN,7.359310316890443,
Cancer,2.0,,ACH-001543,IL1R1_HUMAN,0.6229303509201767,
Cancer,2.0,,ACH-000246,IL1R1_HUMAN,2.017921907997262,
Cancer,2.0,,ACH-000663,IL1R1_HUMAN,2.7070829917717063,
Cancer,2.0,,ACH-000346,IL1R1_HUMAN,3.1210154009613658,
Cancer,2.0,,ACH-000970,IL1R1_HUMAN,1.8439838440483265,
Cancer,2.0,,ACH-001333,IL1R1_HUMAN,0.7990873060740036,
Cancer,2.0,,ACH-000794,IL1R1_HUMAN,3.090853430451113,
Cancer,2.0,,ACH-000039,IL1R1_HUMAN,0.01435529297707,
Cancer,2.0,,ACH-000471,IL1R1_HUMAN,3.18269229751619,
Cancer,2.0,,ACH-000850,IL1R1_HUMAN,5.211790976252541,
Cancer,2.0,,ACH-000291,IL1R1_HUMAN,3.587364990936461,
Cancer,2.0,,ACH-001453,IL1R1_HUMAN,1.867896463992655,
Cancer,2.0,,ACH-001458,IL1R1_HUMAN,0.01435529297707,
Cancer,2.0,,ACH-000886,IL1R1_HUMAN,2.956056652412403,
Cancer,2.0,,ACH-000888,IL1R1_HUMAN,1.859969548221026,
Cancer,2.0,,ACH-000659,IL1R1_HUMAN,0.070389327891398,
Cancer,2.0,,ACH-000030,IL1R1_HUMAN,1.992768430768924,
Cancer,2.0,,ACH-001201,IL1R1_HUMAN,0.01435529297707,
Cancer,2.0,,ACH-000271,IL1R1_HUMAN,0.1110313123887439,
Cancer,2.0,,ACH-000549,IL1R1_HUMAN,3.5921580021253603,
Cancer,2.0,,ACH-000555,IL1R1_HUMAN,4.339850002884624,
Cancer,2.0,,ACH-000478,IL1R1_HUMAN,5.718361626138354,
Cancer,2.0,,ACH-000775,IL1R1_HUMAN,1.4698859762744636,
Cancer,2.0,,ACH-000038,IL1R1_HUMAN,3.3362833878644325,
Cancer,2.0,,ACH-001109,IL1R1_HUMAN,2.8298495598446904,
Cancer,2.0,,ACH-001442,IL1R1_HUMAN,2.286881147788161,
Cancer,2.0,,ACH-000559,IL1R1_HUMAN,0.0426443374084937,
Cancer,2.0,,ACH-000510,IL1R1_HUMAN,1.3334237337251915,
Cancer,2.0,,ACH-002065,IL1R1_HUMAN,3.669026765509631,
Cancer,2.0,,ACH-000676,IL1R1_HUMAN,1.5897634869849773,
Cancer,2.0,,ACH-002659,IL1R1_HUMAN,0.8953026213333066,
Cancer,2.0,,ACH-000844,IL1R1_HUMAN,0.0840642647884745,
Cancer,2.0,,ACH-000925,IL1R1_HUMAN,2.636914580355878,
Cancer,2.0,,ACH-002465,IL1R1_HUMAN,2.994579724215748,
Cancer,2.0,,ACH-000272,IL1R1_HUMAN,3.0840642647884744,
Cancer,2.0,,ACH-001035,IL1R1_HUMAN,0.1243281350022017,
Cancer,2.0,,ACH-000513,IL1R1_HUMAN,1.5801454844233804,
Cancer,2.0,,ACH-001059,IL1R1_HUMAN,0.070389327891398,
Cancer,2.0,,ACH-000959,IL1R1_HUMAN,0.2986583155645151,
Cancer,2.0,,ACH-000169,IL1R1_HUMAN,1.5058909297299572,
Cancer,2.0,,ACH-001402,IL1R1_HUMAN,2.056583528366368,
Cancer,2.0,,ACH-000796,IL1R1_HUMAN,1.6825732973475784,
Cancer,2.0,,ACH-000143,IL1R1_HUMAN,0.0285691521967709,
Cancer,2.0,,ACH-000067,IL1R1_HUMAN,4.03121873061072,
Cancer,2.0,,ACH-000640,IL1R1_HUMAN,2.451540833017832,
Cancer,2.0,,ACH-001674,IL1R1_HUMAN,0.0,
Cancer,2.0,,ACH-001698,IL1R1_HUMAN,0.2265085298086797,
Cancer,2.0,,ACH-002002,IL1R1_HUMAN,0.925999418556223,
Cancer,2.0,,ACH-002011,IL1R1_HUMAN,0.8718436485093178,
Cancer,2.0,,ACH-000967,IL1R1_HUMAN,2.643856189774725,
Cancer,2.0,,ACH-000469,IL1R1_HUMAN,4.020591094773247,
Cancer,2.0,,ACH-001353,IL1R1_HUMAN,1.4276061727818994,
Cancer,2.0,,ACH-001574,IL1R1_HUMAN,0.5945485495503542,
Cancer,2.0,,ACH-000097,IL1R1_HUMAN,4.797531839571962,
Cancer,2.0,,ACH-000256,IL1R1_HUMAN,2.803227036434928,
Cancer,2.0,,ACH-000977,IL1R1_HUMAN,3.758089934201813,
Cancer,2.0,,ACH-000972,IL1R1_HUMAN,1.9411063109464315,
Cancer,2.0,,ACH-001367,IL1R1_HUMAN,0.0,
Cancer,2.0,,ACH-000382,IL1R1_HUMAN,0.6780719051126377,
Cancer,2.0,,ACH-000579,IL1R1_HUMAN,0.0976107966264223,
Cancer,2.0,,ACH-001532,IL1R1_HUMAN,0.0565835283663675,
Cancer,2.0,,ACH-000695,IL1R1_HUMAN,0.0426443374084937,
Cancer,2.0,,ACH-001795,IL1R1_HUMAN,5.3729520979118295,
Cancer,2.0,,ACH-001510,IL1R1_HUMAN,4.113533819591914,
Cancer,2.0,,ACH-000502,IL1R1_HUMAN,0.8953026213333066,
Cancer,2.0,,ACH-000183,IL1R1_HUMAN,0.1763227726404629,
Cancer,2.0,,ACH-000408,IL1R1_HUMAN,0.3561438102252753,
Cancer,2.0,,ACH-001496,IL1R1_HUMAN,1.3045110418099528,
Cancer,2.0,,ACH-000788,IL1R1_HUMAN,0.5558161550616396,
Cancer,2.0,,ACH-001622,IL1R1_HUMAN,3.5197934862411,
Cancer,2.0,,ACH-000466,IL1R1_HUMAN,0.1763227726404629,
Cancer,2.0,,ACH-001560,IL1R1_HUMAN,0.3448284969974411,
Cancer,2.0,,ACH-000005,IL1R1_HUMAN,0.4436066514756146,
Cancer,2.0,,ACH-001687,IL1R1_HUMAN,0.4541758931858021,
Cancer,2.0,,ACH-001151,IL1R1_HUMAN,1.948600847493356,
Cancer,2.0,,ACH-000701,IL1R1_HUMAN,2.169925001442312,
Cancer,2.0,,ACH-000542,IL1R1_HUMAN,0.5459683691052926,
Cancer,2.0,,ACH-000126,IL1R1_HUMAN,3.788685710613534,
Cancer,2.0,,ACH-001685,IL1R1_HUMAN,0.1505596765753814,
Cancer,2.0,,ACH-000933,IL1R1_HUMAN,2.608809242675524,
Cancer,2.0,,ACH-000068,IL1R1_HUMAN,0.0426443374084937,
Cancer,2.0,,ACH-000015,IL1R1_HUMAN,0.6040713236688608,
Cancer,2.0,,ACH-001111,IL1R1_HUMAN,2.875780063068488,
Cancer,2.0,,ACH-000487,IL1R1_HUMAN,3.5147534984397533,
Cancer,2.0,,ACH-000122,IL1R1_HUMAN,0.1763227726404629,
Cancer,2.0,,ACH-000288,IL1R1_HUMAN,4.866907978143166,
Cancer,2.0,,ACH-001820,IL1R1_HUMAN,0.0285691521967709,
Cancer,2.0,,ACH-000782,IL1R1_HUMAN,0.5058909297299572,
Cancer,2.0,,ACH-001632,IL1R1_HUMAN,0.4222330006830478,
Cancer,2.0,,ACH-000357,IL1R1_HUMAN,0.2016338611696504,
Cancer,2.0,,ACH-000079,IL1R1_HUMAN,5.693765712217783,
Cancer,2.0,,ACH-001031,IL1R1_HUMAN,0.070389327891398,
Cancer,2.0,,ACH-001048,IL1R1_HUMAN,4.1034976397033365,
Cancer,2.0,,ACH-000453,IL1R1_HUMAN,0.1505596765753814,
Cancer,2.0,,ACH-000791,IL1R1_HUMAN,2.881664619320345,
Cancer,2.0,,ACH-000567,IL1R1_HUMAN,0.2265085298086797,
Cancer,2.0,,ACH-001391,IL1R1_HUMAN,4.05484847699562,
Cancer,2.0,,ACH-001075,IL1R1_HUMAN,1.0496307677246008,
Cancer,2.0,,ACH-000105,IL1R1_HUMAN,0.0285691521967709,
Cancer,2.0,,ACH-000557,IL1R1_HUMAN,0.4750848829487828,
Cancer,2.0,,ACH-000175,IL1R1_HUMAN,5.720004786954807,
Cancer,2.0,,ACH-001356,IL1R1_HUMAN,4.364572432295856,
Cancer,2.0,,ACH-001844,IL1R1_HUMAN,1.978195629681652,
Cancer,2.0,,ACH-001346,IL1R1_HUMAN,2.910732661902913,
Cancer,2.0,,ACH-000885,IL1R1_HUMAN,1.4436066514756147,
Cancer,2.0,,ACH-000900,IL1R1_HUMAN,1.4646682670034443,
Cancer,2.0,,ACH-000666,IL1R1_HUMAN,1.2078928516413328,
Cancer,2.0,,ACH-000217,IL1R1_HUMAN,2.895302621333306,
Cancer,2.0,,ACH-000872,IL1R1_HUMAN,3.773996325111173,
Cancer,2.0,,ACH-001638,IL1R1_HUMAN,0.8318772411916731,
Cancer,2.0,,ACH-001228,IL1R1_HUMAN,3.1342209397606338,
Cancer,2.0,,ACH-000181,IL1R1_HUMAN,4.410748128185948,
Cancer,2.0,,ACH-000115,IL1R1_HUMAN,3.3978029618624896,
Cancer,2.0,,ACH-000130,IL1R1_HUMAN,0.0426443374084937,
Cancer,2.0,,ACH-000121,IL1R1_HUMAN,4.241840183564671,
Cancer,2.0,,ACH-001711,IL1R1_HUMAN,2.5160151470036647,
Cancer,2.0,,ACH-000934,IL1R1_HUMAN,2.7398481026993275,
Cancer,2.0,,ACH-000996,IL1R1_HUMAN,4.182692297516191,
Cancer,2.0,,ACH-001529,IL1R1_HUMAN,2.1602748314085933,
Cancer,2.0,,ACH-001743,IL1R1_HUMAN,0.925999418556223,
Cancer,2.0,,ACH-000320,IL1R1_HUMAN,1.063502942306158,
Cancer,2.0,,ACH-000505,IL1R1_HUMAN,4.664482840364682,
Cancer,2.0,,ACH-000781,IL1R1_HUMAN,5.004950759951045,
Cancer,2.0,,ACH-000059,IL1R1_HUMAN,0.2868811477881615,
Cancer,2.0,,ACH-000920,IL1R1_HUMAN,0.0426443374084937,
Cancer,2.0,,ACH-000294,IL1R1_HUMAN,0.1890338243900171,
Cancer,2.0,,ACH-000422,IL1R1_HUMAN,3.836934011321092,
Cancer,2.0,,ACH-000200,IL1R1_HUMAN,3.374343989038501,
Cancer,2.0,,ACH-000046,IL1R1_HUMAN,2.613531652917927,
Cancer,2.0,,ACH-000968,IL1R1_HUMAN,0.0976107966264223,
Cancer,2.0,,ACH-000830,IL1R1_HUMAN,0.0285691521967709,
Cancer,2.0,,ACH-000114,IL1R1_HUMAN,4.157852169141737,
Cancer,2.0,,ACH-000402,IL1R1_HUMAN,0.0285691521967709,
Cancer,2.0,,ACH-001578,IL1R1_HUMAN,0.3673710656485294,
Cancer,2.0,,ACH-000036,IL1R1_HUMAN,4.3125199674749455,
Cancer,2.0,,ACH-000973,IL1R1_HUMAN,0.8237493603082727,
Cancer,2.0,,ACH-001128,IL1R1_HUMAN,1.6870606883398924,
Cancer,2.0,,ACH-000750,IL1R1_HUMAN,1.1176950426697545,
Cancer,2.0,,ACH-000285,IL1R1_HUMAN,0.0565835283663675,
Cancer,2.0,,ACH-001858,IL1R1_HUMAN,3.8708578643637614,
Cancer,2.0,,ACH-001997,IL1R1_HUMAN,0.3785116232537298,
Cancer,2.0,,ACH-000052,IL1R1_HUMAN,0.1634987322828795,
Immune,3.0,,mTregs,IL1R1_HUMAN,5.247927513443585,
Immune,3.0,,nTregs,IL1R1_HUMAN,1.4329594072761065,
Immune,3.0,,NK,IL1R1_HUMAN,0.2630344058337938,
